animal,region,roi,nucleus_id,area_nucleus_um2,area_expanded_um2,area_ring_um2,GoB_nucleus,GoB_expanded,GoB_ring,GoA_nucleus,GoA_expanded,GoA_ring,GoA_bin,GoB_bin,more_GoA_than_GoB,more_GoB_than_GoA,any_GoA,any_GoB,no_spots_both
Mouse0,hippo,CA1,1,8.129375999999999,55.698927749999996,47.569551749999995,13,50,37,2,4,2,2,5,0,1,1,1,0
Mouse0,hippo,CA1,2,16.57630575,80.63748224999999,64.06117649999999,22,64,42,0,3,3,1,5,0,1,1,1,0
Mouse0,hippo,CA1,3,11.516615999999999,62.74862099999999,51.232004999999994,20,70,50,1,4,3,2,5,0,1,1,1,0
Mouse0,hippo,CA3,1,13.040873999999999,77.08088024999999,64.04000624999999,11,65,54,1,5,4,2,5,0,1,1,1,0
Mouse0,hippo,CA3,2,3.895326,44.77507875,40.879752749999994,3,41,38,0,7,7,2,5,0,1,1,1,0
Mouse0,hippo,CA3,3,28.9185615,146.90036475,117.98180324999998,29,107,78,0,4,4,2,5,0,1,1,1,0
Mouse0,hippo,CA3,4,13.951194749999999,68.65512075,54.703925999999996,13,50,37,1,4,3,2,5,0,1,1,1,0
Mouse0,hippo,CA3,5,3.6412829999999996,39.122622,35.481339,4,20,16,1,7,6,2,5,0,1,1,1,0
Mouse0,hippo,CA3,6,63.87064424999999,156.2787855,92.40814124999999,97,216,119,10,24,14,5,5,0,1,1,1,0
Mouse0,hippo,CA3,7,13.10438475,66.24171224999999,53.1373275,12,61,49,6,18,12,5,5,0,1,1,1,0
Mouse0,hippo,CA3,8,5.800648499999999,45.81242099999999,40.0117725,3,27,24,0,6,6,2,5,0,1,1,1,0
Mouse0,hippo,CA3,9,12.913852499999999,64.84447575,51.93062325,10,38,28,0,2,2,1,5,0,1,1,1,0
Mouse0,hippo,CA3,10,77.737158,200.86333199999999,123.12617399999999,120,238,118,4,19,15,5,5,0,1,1,1,0
Mouse0,hippo,CA3,11,14.0993865,84.681,70.58161349999999,15,95,80,2,9,7,2,5,0,1,1,1,0
Mouse0,hippo,CA3,12,113.85360449999999,201.85833374999999,88.00472925,111,193,82,17,24,7,5,5,0,1,1,1,0
Mouse0,hippo,CA3,13,118.21467599999998,205.98653249999998,87.7718565,165,268,103,15,20,5,5,5,0,1,1,1,0
Mouse0,hippo,CA3,14,129.43490849999998,189.43139699999998,59.9964885,163,231,68,14,21,7,5,5,0,1,1,1,0
Mouse0,hippo,CA3,15,11.74948875,69.14203649999999,57.39254774999999,14,57,43,1,4,3,2,5,0,1,1,1,0
Mouse0,hippo,CA3,16,29.53249875,96.3246375,66.79213874999999,6,63,57,0,5,5,2,5,0,1,1,1,0
Mouse0,hippo,CA3,17,40.39283699999999,117.452547,77.05971,58,169,111,4,14,10,3,5,0,1,1,1,0
Mouse0,hippo,CA3,18,28.241113499999997,108.6033825,80.362269,31,100,69,3,6,3,2,5,0,1,1,1,0
Mouse0,hippo,CA3,19,5.01734925,43.081458749999996,38.064109499999994,10,65,55,1,6,5,2,5,0,1,1,1,0
Mouse0,hippo,CA3,20,5.61011625,51.8671125,46.25699624999999,7,15,8,0,1,1,1,3,0,1,1,1,0
Mouse0,hippo,DG,1,4.33990125,44.457525,40.11762375,3,43,40,0,3,3,1,5,0,1,1,1,0
Mouse0,hippo,DG,2,30.569840999999997,142.602804,112.032963,45,144,99,1,17,16,5,5,0,1,1,1,0
Mouse0,hippo,DG,3,22.355783999999996,82.3522725,59.9964885,33,96,63,3,4,1,2,5,0,1,1,1,0
Mouse0,hippo,DG,4,11.855339999999998,73.27023525,61.414895249999994,10,39,29,0,8,8,2,5,0,1,1,1,0
Mouse0,hippo,DG,5,7.81182225,57.815952749999994,50.004130499999995,4,16,12,0,4,4,2,5,0,1,1,1,0
Mouse0,hippo,DG,6,4.25522025,51.104983499999996,46.849763249999995,6,48,42,0,2,2,1,5,0,1,1,1,0
Mouse0,hippo,DG,7,12.6598095,80.93386575,68.27405624999999,20,91,71,3,9,6,2,5,0,1,1,1,0
Mouse0,hippo,DG,8,5.7794782499999995,61.414895249999994,55.635417,11,43,32,0,4,4,2,5,0,1,1,1,0
Mouse0,hippo,DG,9,60.017658749999995,146.87919449999998,86.86153574999999,19,93,74,1,3,2,1,5,0,1,1,1,0
Mouse0,hippo,DG,10,33.343143749999996,102.48518024999998,69.14203649999999,5,78,73,0,7,7,2,5,0,1,1,1,0
Mouse0,hippo,DG,11,40.604539499999994,86.64983324999999,46.04529375,13,49,36,1,7,6,2,5,0,1,1,1,0
Mouse0,hippo,DG,12,37.78889624999999,94.56750674999999,56.77861049999999,17,69,52,3,6,3,2,5,0,1,1,1,0
Mouse0,hippo,DG,13,25.446640499999997,41.747733,16.3010925,4,15,11,0,0,0,0,3,0,1,0,1,0
Mouse0,hippo,DG,14,21.95354925,62.43106724999999,40.477517999999996,4,38,34,1,4,3,2,5,0,1,1,1,0
Mouse0,hippo,DG,15,9.378420749999998,35.841233249999995,26.4628125,1,13,12,0,5,5,2,3,0,1,1,1,0
Mouse0,hippo,DG,16,6.943841999999999,48.9879585,42.044116499999994,1,51,50,1,7,6,2,5,0,1,1,1,0
Mouse0,hippo,DG,17,17.4019455,40.41400725,23.012061749999997,1,18,17,1,3,2,1,5,0,1,1,1,0
Mouse0,hippo,DG,18,24.66334125,53.20083825,28.537497,3,30,27,0,2,2,1,5,0,1,1,1,0
Mouse0,hippo,DG,19,40.138794,84.342276,44.203481999999994,7,35,28,0,2,2,1,5,0,1,1,1,0
Mouse0,hippo,DG,20,15.052047749999998,53.603072999999995,38.551025249999995,6,51,45,0,3,3,1,5,0,1,1,1,0
Mouse0,hippo,DG,21,13.083214499999999,66.0935205,53.01030599999999,10,72,62,4,8,4,2,5,0,1,1,1,0
Mouse0,hippo,DG,22,6.943841999999999,26.992068749999998,20.048226749999998,1,25,24,0,0,0,0,5,0,1,0,1,0
Mouse0,hippo,DG,23,26.589833999999996,85.37961825,58.78978425,5,54,49,1,8,7,2,5,0,1,1,1,0
Mouse0,hippo,DG,24,13.252576499999998,64.7386245,51.486048,0,8,8,1,6,5,2,2,0,1,1,1,0
Mouse0,hippo,DG,25,37.87357725,89.5501575,51.676580249999994,2,8,6,1,8,7,2,2,0,0,1,1,0
Mouse0,hippo,DG,26,26.65334475,72.402255,45.748910249999994,3,19,16,1,3,2,1,5,0,1,1,1,0
Mouse0,hippo,DG,27,68.67629099999999,153.20909924999998,84.53280824999999,9,61,52,0,6,6,2,5,0,1,1,1,0
Mouse0,hippo,DG,28,34.507507499999996,103.9459275,69.43842,6,49,43,0,1,1,1,5,0,1,1,1,0
Mouse0,hippo,DG,29,49.728917249999995,130.81097474999999,81.08205749999999,4,54,50,3,8,5,2,5,0,1,1,1,0
Mouse0,hippo,DG,30,57.66776099999999,143.51312474999997,85.84536374999999,52,112,60,1,8,7,2,5,0,1,1,1,0
Mouse0,hippo,DG,31,166.80039975,308.23884,141.43844024999999,125,292,167,13,33,20,5,5,0,1,1,1,0
Mouse0,hippo,DG,32,44.923270499999994,122.70276899999999,77.77949849999999,45,86,41,4,10,6,3,5,0,1,1,1,0
Mouse0,hippo,DG,33,29.130263999999997,97.48900124999999,68.35873724999999,3,44,41,1,10,9,3,5,0,1,1,1,0
Mouse0,hippo,DG,34,14.120556749999999,74.83683375,60.716277,3,15,12,1,3,2,1,3,0,1,1,1,0
Mouse0,hippo,DGfun,1,5.800648499999999,45.410186249999995,39.609537749999994,6,37,31,0,2,2,1,5,0,1,1,1,0
Mouse0,hippo,DGfun,2,10.458103499999998,72.97385175,62.515748249999994,13,63,50,1,10,9,3,5,0,1,1,1,0
Mouse0,hippo,DGfun,3,2.09585475,33.343143749999996,31.247289,6,54,48,1,4,3,2,5,0,1,1,1,0
Mouse0,hippo,DGfun,4,68.78214224999999,162.88390349999997,94.10176125,21,91,70,3,10,7,3,5,0,1,1,1,0
Mouse0,hippo,DGfun,5,4.488092999999999,32.030588249999994,27.542495249999998,9,30,21,0,2,2,1,5,0,1,1,1,0
Mouse0,hippo,DGfun,6,3.4507507499999996,30.16760625,26.716855499999998,3,26,23,1,6,5,2,5,0,1,1,1,0
Mouse0,hippo,DGfun,7,5.35607325,50.85094049999999,45.49486725,10,55,45,1,9,8,2,5,0,1,1,1,0
Mouse1,hippo,CA1,1,16.174070999999998,81.82301625,65.64894525,0,0,0,3,11,8,3,0,1,0,1,0,0
Mouse1,hippo,CA1,2,3.5989424999999997,29.977073999999998,26.3781315,0,0,0,1,1,0,1,0,1,0,1,0,0
Mouse1,hippo,CA1,3,13.358427749999999,68.06235375,54.703925999999996,0,0,0,3,4,1,2,0,1,0,1,0,0
Mouse1,hippo,CA1,4,6.901501499999999,49.98296025,43.081458749999996,0,0,0,2,3,1,1,0,1,0,1,0,0
Mouse1,hippo,CA1,5,9.145548,64.7386245,55.593076499999995,4,15,11,3,6,3,2,3,0,1,1,1,0
Mouse1,hippo,CA1,6,14.480450999999999,82.2675915,67.78714049999999,4,13,9,2,5,3,2,3,0,1,1,1,0
Mouse1,hippo,CA1,7,16.152900749999997,70.28523,54.13232925,3,16,13,1,11,10,3,5,0,1,1,1,0
Mouse1,hippo,CA1,8,9.46310175,70.13703824999999,60.673936499999996,5,18,13,3,6,3,2,5,0,1,1,1,0
Mouse1,hippo,CA1,9,11.812999499999998,65.60660474999999,53.79360524999999,2,7,5,1,5,4,2,2,0,1,1,1,0
Mouse1,hippo,CA1,10,11.66480775,70.34874074999999,58.683932999999996,7,16,9,4,13,9,3,5,0,1,1,1,0
Mouse1,hippo,CA1,11,99.60602624999999,212.57048024999997,112.96445399999999,18,28,10,8,21,13,5,5,0,1,1,1,0
Mouse1,hippo,CA1,12,9.971187749999999,64.04000624999999,54.06881849999999,4,12,8,1,5,4,2,3,0,1,1,1,0
Mouse1,hippo,CA1,13,5.842988999999999,49.13615024999999,43.29316125,1,5,4,1,5,4,2,2,0,0,1,1,0
Mouse1,hippo,CA1,14,16.32226275,59.636594249999995,43.314331499999994,6,9,3,2,4,2,2,2,0,1,1,1,0
Mouse1,hippo,CA1,15,10.055868749999998,35.460168749999994,25.4043,2,3,1,1,1,0,1,1,0,1,1,1,0
Mouse1,hippo,CA1,16,5.3772435,38.042939249999996,32.66569575,2,3,1,1,3,2,1,1,0,0,1,1,0
Mouse1,hippo,CA1,17,73.46076749999999,160.5128355,87.05206799999999,8,25,17,2,7,5,2,5,0,1,1,1,0
Mouse1,hippo,CA1,18,65.01383775,148.72100625,83.7071685,1,9,8,3,6,3,2,2,0,1,1,1,0
Mouse1,hippo,CA1,19,78.2875845,179.58723074999997,101.29964625,38,59,21,18,28,10,5,5,0,1,1,1,0
Mouse1,hippo,CA1,20,54.61924499999999,143.55546525,88.93622024999999,29,63,34,22,34,12,5,5,0,1,1,1,0
Mouse1,hippo,CA1,21,10.86033825,67.1096925,56.249354249999996,5,15,10,3,13,10,3,3,0,1,1,1,0
Mouse1,hippo,CA1,22,5.567775749999999,45.98178299999999,40.41400725,4,13,9,1,3,2,1,3,0,1,1,1,0
Mouse1,hippo,CA3,1,10.0346985,56.88446174999999,46.849763249999995,0,0,0,1,2,1,1,0,1,0,1,0,0
Mouse1,hippo,CA3,2,9.399591,56.67275924999999,47.27316825,0,0,0,1,8,7,2,0,1,0,1,0,0
Mouse1,hippo,CA3,3,67.59660824999999,160.21645199999998,92.61984374999999,0,0,0,16,43,27,5,0,1,0,1,0,0
Mouse1,hippo,CA3,4,13.951194749999999,74.37108825,60.41989349999999,0,0,0,5,7,2,2,0,1,0,1,0,0
Mouse1,hippo,CA3,5,16.449284249999998,80.21407724999999,63.764793,0,0,0,3,8,5,2,0,1,0,1,0,0
Mouse1,hippo,CA3,6,8.849164499999999,62.74862099999999,53.89945649999999,0,0,0,2,7,5,2,0,1,0,1,0,0
Mouse1,hippo,DG,1,6.562777499999999,54.809777249999996,48.24699974999999,0,0,0,2,5,3,2,0,1,0,1,0,0
Mouse1,hippo,DG,2,62.494578,124.24819724999999,61.75361924999999,0,0,0,10,19,9,5,0,1,0,1,0,0
Mouse1,hippo,DG,3,88.70334749999999,191.37905999999998,102.67571249999999,0,0,0,5,17,12,5,0,1,0,1,0,0
Mouse1,hippo,DG,4,61.09734149999999,106.42284674999999,45.32550525,0,0,0,9,18,9,5,0,1,0,1,0,0
Mouse1,hippo,DG,5,83.05089075,151.34611725,68.2952265,0,0,0,15,27,12,5,0,1,0,1,0,0
Mouse1,hippo,DG,6,8.99735625,58.59925199999999,49.60189575,0,0,0,2,10,8,3,0,1,0,1,0,0
Mouse1,hippo,DG,7,9.082037249999999,56.77861049999999,47.69657324999999,0,0,0,2,15,13,3,0,1,0,1,0,0
Mouse1,hippo,DG,8,7.13437425,55.57190625,48.437532,0,0,0,3,11,8,3,0,1,0,1,0,0
Mouse1,hippo,DGfun,1,6.160542749999999,54.661585499999994,48.501042749999996,0,0,0,1,4,3,2,0,1,0,1,0,0
Mouse1,hippo,DGfun,2,7.748311499999999,61.732448999999995,53.984137499999996,0,0,0,2,9,7,2,0,1,0,1,0,0
Mouse1,hippo,DGfun,3,10.669806,69.16320675,58.49340074999999,0,0,0,1,5,4,2,0,1,0,1,0,0
Mouse1,hippo,DGfun,4,10.881508499999999,63.849473999999994,52.9679655,0,0,0,5,10,5,3,0,1,0,1,0,0
Mouse1,hippo,DGfun,5,11.050870499999998,58.641592499999994,47.59072199999999,0,0,0,5,17,12,5,0,1,0,1,0,0
Mouse1,hippo,DGfun,6,6.605117999999999,52.756263,46.15114499999999,0,0,0,4,15,11,3,0,1,0,1,0,0
Mouse1,hippo,DGfun,7,8.78565375,58.06999575,49.284341999999995,0,0,0,1,7,6,2,0,1,0,1,0,0
Mouse1,hippo,DGfun,8,19.222586999999997,90.6510105,71.4284235,0,0,0,3,8,5,2,0,1,0,1,0,0
Mouse1,hippo,DGfun,9,16.618646249999998,78.32992499999999,61.71127874999999,0,0,0,1,7,6,2,0,1,0,1,0,0
Mouse1,hippo,DGfun,10,11.3049135,72.486936,61.182022499999995,0,0,0,1,2,1,1,0,1,0,1,0,0
Mouse1,hippo,DGfun,11,16.9362,60.77978775,43.84358775,0,0,0,2,8,6,2,0,1,0,1,0,0
Mouse1,hippo,DGfun,12,13.23140625,44.309333249999995,31.077927,0,0,0,1,2,1,1,0,1,0,1,0,0
Mouse1,hippo,DGfun,13,13.167895499999998,60.22936125,47.061465749999996,0,0,0,1,6,5,2,0,1,0,1,0,0
Mouse1,hippo,DGfun,14,7.028522999999999,55.57190625,48.54338325,0,0,0,2,3,1,1,0,1,0,1,0,0
Mouse1,hippo,DGfun,15,5.123200499999999,49.898279249999995,44.77507875,0,0,0,1,2,1,1,0,1,0,1,0,0
Mouse1,hippo,DGfun,16,7.896503249999999,55.99531124999999,48.098808,0,0,0,1,6,5,2,0,1,0,1,0,0
Mouse1,hippo,DGfun,17,6.647458499999999,49.85593874999999,43.208480249999994,0,0,0,1,3,2,1,0,1,0,1,0,0
Mouse1,thal,thal,1,6.266393999999999,34.846231499999995,28.579837499999996,3,6,3,0,2,2,1,2,0,1,1,1,0
Mouse1,thal,thal,2,31.734204749999996,84.91387275,53.17966799999999,26,45,19,11,22,11,5,5,0,1,1,1,0
Mouse1,thal,thal,3,15.390771749999999,58.5569115,43.16613975,8,24,16,7,17,10,5,5,0,1,1,1,0
Mouse1,thal,thal,4,44.965610999999996,107.375508,62.409896999999994,19,33,14,7,15,8,3,5,0,1,1,1,0
Mouse1,thal,thal,5,3.6836234999999995,39.757729499999996,36.07410599999999,5,19,14,0,7,7,2,5,0,1,1,1,0
Mouse1,thal,thal,6,1.8206414999999998,32.136439499999994,30.315797999999997,3,14,11,0,6,6,2,3,0,1,1,1,0
Mouse1,thal,thal,7,29.0879235,73.2914055,44.203481999999994,3,18,15,2,9,7,2,5,0,1,1,1,0
Mouse1,thal,thal,8,142.01003699999998,266.61812849999995,124.60809149999999,6,20,14,2,9,7,2,5,0,1,1,1,0
Mouse1,thal,thal,9,10.690976249999999,60.462233999999995,49.77125775,9,18,9,2,7,5,2,5,0,1,1,1,0
Mouse1,thal,thal,10,40.371666749999996,100.32581474999999,59.954147999999996,5,12,7,2,2,0,1,3,0,1,1,1,0
Mouse1,thal,thal,11,2.8791539999999998,36.920916,34.041762,2,11,9,0,1,1,1,3,0,1,1,1,0
Mouse1,thal,thal,12,4.0435177499999995,40.6892205,36.64570275,1,3,2,1,6,5,2,1,1,0,1,1,0
Mouse1,thal,thal,13,5.2925625,39.2496435,33.957080999999995,1,6,5,0,2,2,1,2,0,1,1,1,0
Mouse1,thal,thal,14,6.499266749999999,48.69157499999999,42.192308249999996,1,6,5,0,4,4,2,2,0,1,1,1,0
Mouse1,thal,thal,15,7.981184249999999,31.226118749999998,23.2449345,1,1,0,0,0,0,0,1,0,1,0,1,0
Mouse1,thal,thal,16,3.3448995,38.064109499999994,34.71921,1,1,0,2,12,10,3,1,1,0,1,1,0
Mouse1,thal,thal,17,6.097032,36.010595249999994,29.913563249999996,0,0,0,0,0,0,0,0,0,0,0,0,1
Mouse1,thal,thal,18,15.517793249999999,64.6539435,49.13615024999999,2,2,0,0,1,1,1,1,0,1,1,1,0
Mouse1,thal,thal,19,28.346964749999998,101.13028424999999,72.78331949999999,4,5,1,0,0,0,0,2,0,1,0,1,0
Mouse1,thal,thal,20,9.399591,54.85211775,45.45252675,3,3,0,0,1,1,1,1,0,1,1,1,0
Mouse1,thal,thal,21,22.33461375,89.16909299999999,66.83447924999999,6,9,3,0,1,1,1,2,0,1,1,1,0
Mouse1,thal,thal,22,23.4989775,90.16409474999999,66.66511725,9,11,2,0,1,1,1,3,0,1,1,1,0
Mouse1,thal,thal,23,19.1802465,77.84300925,58.66276274999999,3,7,4,0,0,0,0,2,0,1,0,1,0
Mouse1,thal,thal,24,10.26757125,57.540739499999994,47.27316825,4,8,4,0,0,0,0,2,0,1,0,1,0
Mouse1,thal,thal,25,9.611293499999999,66.66511725,57.05382374999999,3,5,2,0,0,0,0,2,0,1,0,1,0
Mouse1,thal,thal,26,13.527789749999998,76.12821899999999,62.60042925,1,5,4,1,1,0,1,2,0,1,1,1,0
Mouse1,thal,thal,27,20.51397225,80.59514175,60.081169499999994,8,13,5,0,0,0,0,3,0,1,0,1,0
Mouse1,thal,thal,28,4.33990125,41.218476749999994,36.8785755,1,7,6,0,3,3,1,2,0,1,1,1,0
Mouse1,thal,thal,29,13.972364999999998,71.87299875,57.90063375,2,2,0,1,1,0,1,1,0,1,1,1,0
Mouse1,thal,thal,30,9.59012325,63.447239249999996,53.857116,1,4,3,1,1,0,1,2,0,1,1,1,0
Mouse1,thal,thal,31,6.266393999999999,47.25199799999999,40.985603999999995,3,9,6,1,4,3,2,2,0,1,1,1,0
Mouse1,thal,thal,32,20.132907749999998,77.08088024999999,56.94797249999999,12,29,17,1,6,5,2,5,0,1,1,1,0
Mouse1,thal,thal,33,25.12908675,87.98355899999999,62.85447224999999,5,16,11,3,13,10,3,5,0,1,1,1,0
Mouse1,thal,thal,34,5.0596897499999995,44.09763074999999,39.037941,2,10,8,2,12,10,3,3,1,0,1,1,0
Mouse1,thal,thal,35,8.573951249999999,53.687754,45.11380275,3,20,17,3,8,5,2,5,0,1,1,1,0
Mouse1,thal,thal,36,16.851519,72.6139575,55.762438499999995,5,21,16,4,17,13,5,5,0,1,1,1,0
Mouse1,thal,thal,37,3.7683044999999997,39.67304849999999,35.904743999999994,2,9,7,0,2,2,1,2,0,1,1,1,0
Mouse1,thal,thal,38,3.4930912499999995,24.536319749999997,21.043228499999998,1,10,9,0,4,4,2,3,0,1,1,1,0
Mouse1,thal,thal,39,11.855339999999998,63.934155,52.078815,4,16,12,1,13,12,3,5,0,1,1,1,0
Mouse1,thal,thal,40,3.0696862499999997,37.937087999999996,34.86740175,1,12,11,0,3,3,1,3,0,1,1,1,0
Mouse1,thal,thal,41,4.25522025,28.939731749999996,24.6845115,2,6,4,0,4,4,2,2,0,1,1,1,0
Mouse1,thal,thal,42,3.02734575,34.69803975,31.670693999999997,3,7,4,0,5,5,2,2,0,1,1,1,0
Mouse1,thal,thal,43,3.6836234999999995,39.94826174999999,36.26463825,4,9,5,0,2,2,1,2,0,1,1,1,0
Mouse1,thal,thal,44,7.790652,57.60425024999999,49.81359825,4,8,4,0,1,1,1,2,0,1,1,1,0
Mouse1,thal,thal,45,2.64628125,35.396657999999995,32.750376749999994,1,3,2,1,4,3,2,1,1,0,1,1,0
Mouse1,thal,thal,46,36.64570275,104.36933249999998,67.72362975,7,27,20,15,23,8,5,5,0,1,1,1,0
Mouse1,thal,thal,47,3.8741557499999995,39.715388999999995,35.841233249999995,1,12,11,0,2,2,1,3,0,1,1,1,0
Mouse1,thal,thal,48,19.0108845,78.7956705,59.784786,5,14,9,6,14,8,3,3,0,0,1,1,0
Mouse1,thal,thal,49,5.0385195,43.695395999999995,38.656876499999996,1,4,3,0,3,3,1,2,0,1,1,1,0
Mouse1,thal,thal,50,7.346076749999999,50.067641249999994,42.7215645,7,20,13,1,6,5,2,5,0,1,1,1,0
Mouse1,thal,thal,51,20.25992925,90.24877575,69.9888465,5,11,6,2,3,1,1,3,0,1,1,1,0
Mouse1,thal,thal,52,37.78889624999999,96.64219125,58.853294999999996,15,28,13,10,25,15,5,5,0,1,1,1,0
Mouse1,thal,thal,53,43.18731,120.35287124999999,77.16556125,14,39,25,9,15,6,3,5,0,1,1,1,0
Mouse1,thal,thal,54,1.778301,29.786541749999998,28.00824075,1,9,8,1,4,3,2,2,0,1,1,1,0
Mouse1,thal,thal,55,5.3772435,44.3305035,38.95325999999999,2,9,7,0,5,5,2,2,0,1,1,1,0
Mouse1,thal,thal,56,5.4407542499999995,48.75508574999999,43.314331499999994,4,19,15,1,2,1,1,5,0,1,1,1,0
Mouse1,thal,thal,57,27.351962999999998,98.14527899999999,70.79331599999999,7,16,9,0,2,2,1,5,0,1,1,1,0
Mouse1,thal,thal,58,22.038230249999998,71.640126,49.60189575,14,20,6,2,8,6,2,5,0,1,1,1,0
Mouse1,thal,thal,59,3.19670775,35.311977,32.11526925,1,10,9,0,6,6,2,3,0,1,1,1,0
Mouse1,thal,thal,60,6.986182499999999,47.950616249999996,40.96443375,2,18,16,1,10,9,3,5,0,1,1,1,0
Mouse1,thal,thal,61,5.800648499999999,48.20465925,42.40401075,2,7,5,1,5,4,2,2,0,1,1,1,0
Mouse1,thal,thal,62,6.562777499999999,47.294338499999995,40.731561,2,6,4,0,3,3,1,2,0,1,1,1,0
Mouse1,thal,thal,63,13.337257499999998,70.47576224999999,57.138504749999996,5,17,12,1,4,3,2,5,0,1,1,1,0
Mouse1,thal,thal,64,57.815952749999994,145.905363,88.08941024999999,28,57,29,18,44,26,5,5,0,1,1,1,0
Mouse1,thal,thal,65,2.26521675,33.957080999999995,31.69186425,1,12,11,0,8,8,2,3,0,1,1,1,0
Mouse1,thal,thal,66,34.10527275,118.42637849999998,84.32110574999999,19,43,24,19,38,19,5,5,0,1,1,1,0
Mouse1,thal,thal,67,2.4134084999999996,34.465166999999994,32.0517585,4,16,12,1,12,11,3,5,0,1,1,1,0
Mouse1,thal,thal,68,3.4719209999999996,26.01823725,22.546316249999997,2,6,4,0,3,3,1,2,0,1,1,1,0
Mouse1,thal,thal,69,18.90503325,75.87417599999999,56.969142749999996,10,32,22,1,8,7,2,5,0,1,1,1,0
Mouse1,thal,thal,70,4.00117725,27.881219249999997,23.880042,3,8,5,0,4,4,2,2,0,1,1,1,0
Mouse1,thal,thal,71,19.5189705,82.45812375,62.93915325,11,19,8,1,7,6,2,5,0,1,1,1,0
Mouse1,thal,thal,72,10.119379499999999,59.59425374999999,49.47487424999999,4,15,11,2,5,3,2,3,0,1,1,1,0
Mouse1,thal,thal,73,11.812999499999998,62.8756425,51.062642999999994,3,8,5,1,1,0,1,2,0,1,1,1,0
Mouse1,thal,thal,74,3.4295804999999997,28.17760275,24.748022249999998,2,5,3,0,2,2,1,2,0,1,1,1,0
Mouse1,thal,thal,75,1.8418117499999997,26.886217499999997,25.04440575,1,4,3,1,3,2,1,2,0,1,1,1,0
Mouse1,thal,thal,76,3.3237292499999995,37.767725999999996,34.44399675,4,13,9,0,5,5,2,3,0,1,1,1,0
Mouse1,thal,thal,77,7.197884999999999,50.2581735,43.0602885,2,23,21,1,12,11,3,5,0,1,1,1,0
Mouse1,thal,thal,78,2.34989775,24.23993625,21.8900385,2,5,3,0,3,3,1,2,0,1,1,1,0
Mouse1,thal,thal,79,8.256397499999999,51.994133999999995,43.7377365,4,13,9,0,8,8,2,3,0,1,1,1,0
Mouse1,thal,thal,80,5.31373275,44.415184499999995,39.101451749999995,6,13,7,2,11,9,3,3,0,1,1,1,0
Mouse1,thal,thal,81,7.76948175,46.193485499999994,38.42400375,2,17,15,4,14,10,3,5,0,1,1,1,0
Mouse1,thal,thal,82,8.70097275,53.34902999999999,44.648057249999994,2,35,33,2,14,12,3,5,0,1,1,1,0
Mouse1,thal,thal,83,3.6624532499999995,25.277278499999998,21.61482525,3,10,7,1,4,3,2,3,0,1,1,1,0
Mouse1,thal,thal,84,12.405766499999999,54.83094749999999,42.425180999999995,2,8,6,3,3,0,1,2,0,1,1,1,0
Mouse1,thal,thal,85,16.957370249999997,72.71980875,55.762438499999995,10,32,22,6,20,14,5,5,0,1,1,1,0
Mouse1,thal,thal,86,2.34989775,31.543672499999996,29.193774749999996,3,17,14,0,6,6,2,5,0,1,1,1,0
Mouse1,thal,thal,87,2.455749,20.09056725,17.63481825,2,11,9,1,5,4,2,3,0,1,1,1,0
Mouse1,thal,thal,88,16.0470495,57.15967499999999,41.11262549999999,7,13,6,2,6,4,2,3,0,1,1,1,0
Mouse1,thal,thal,89,7.81182225,54.51339374999999,46.70157149999999,6,21,15,1,9,8,2,5,0,1,1,1,0
Mouse1,thal,thal,90,7.113204,49.1573205,42.044116499999994,2,17,15,1,8,7,2,5,0,1,1,1,0
Mouse1,thal,thal,91,7.642460249999999,51.104983499999996,43.46252325,5,25,20,1,7,6,2,5,0,1,1,1,0
Mouse1,thal,thal,92,19.3496085,73.31257575,53.96296725,13,31,18,2,8,6,2,5,0,1,1,1,0
Mouse1,thal,thal,93,8.6798025,35.96825475,27.28845225,8,20,12,1,6,5,2,5,0,1,1,1,0
Mouse1,thal,thal,94,5.102030249999999,43.653055499999994,38.551025249999995,2,18,16,2,15,13,3,5,0,1,1,1,0
Mouse1,thal,thal,95,24.430468499999996,72.25406324999999,47.82359475,15,28,13,4,12,8,3,5,0,1,1,1,0
Mouse1,thal,thal,96,9.145548,64.06117649999999,54.9156285,3,6,3,2,3,1,1,2,0,1,1,1,0
Mouse1,thal,thal,97,20.048226749999998,78.11822249999999,58.06999575,8,21,13,5,16,11,5,5,0,1,1,1,0
Mouse1,thal,thal,98,9.611293499999999,42.001776,32.3904825,5,13,8,0,4,4,2,3,0,1,1,1,0
Mouse1,thal,thal,99,25.84887525,92.72569499999999,66.87681975,23,41,18,0,4,4,2,5,0,1,1,1,0
Mouse1,thal,thal,100,6.181712999999999,52.45987949999999,46.2781665,3,6,3,0,2,2,1,2,0,1,1,1,0
Mouse1,thal,thal,101,21.8053575,82.64865599999999,60.843298499999996,12,25,13,2,5,3,2,5,0,1,1,1,0
Mouse1,thal,thal,102,1.6301092499999998,31.33197,29.701860749999998,1,10,9,0,4,4,2,3,0,1,1,1,0
Mouse1,thal,thal,103,25.12908675,89.71951949999999,64.59043274999999,12,21,9,3,5,2,2,5,0,1,1,1,0
Mouse1,thal,thal,104,5.673627,45.198483749999994,39.52485675,4,11,7,1,4,3,2,3,0,1,1,1,0
Mouse1,thal,thal,105,7.8329925,41.93826524999999,34.10527275,6,10,4,2,5,3,2,3,0,1,1,1,0
Mouse1,thal,thal,106,5.35607325,31.543672499999996,26.187599249999998,4,17,13,3,5,2,2,5,0,1,1,1,0
Mouse1,thal,thal,107,15.5389635,60.462233999999995,44.923270499999994,3,10,7,1,3,2,1,3,0,1,1,1,0
Mouse1,thal,thal,108,6.160542749999999,26.547493499999998,20.386950749999997,3,13,10,1,4,3,2,3,0,1,1,1,0
Mouse1,thal,thal,109,4.3610714999999995,43.27199099999999,38.9109195,1,9,8,1,5,4,2,2,0,1,1,1,0
Mouse1,thal,thal,110,12.998533499999999,71.97885,58.980316499999994,3,5,2,1,1,0,1,2,0,1,1,1,0
Mouse1,thal,thal,111,6.07586175,46.6168905,40.541028749999995,5,13,8,2,9,7,2,3,0,1,1,1,0
Mouse1,thal,thal,112,7.705970999999999,50.8086,43.10262899999999,4,17,13,1,11,10,3,5,0,1,1,1,0
Mouse1,thal,thal,113,10.7121465,56.820950999999994,46.1088045,6,11,5,3,5,2,2,3,0,1,1,1,0
Mouse1,thal,thal,114,9.082037249999999,34.973253,25.891215749999997,2,2,0,1,2,1,1,1,0,0,1,1,0
Mouse1,thal,thal,115,7.1555444999999995,32.49633375,25.340789249999997,4,20,16,1,8,7,2,5,0,1,1,1,0
Mouse1,thal,thal,116,5.885329499999999,56.0164815,50.13115199999999,5,17,12,2,6,4,2,5,0,1,1,1,0
Mouse1,thal,thal,117,10.881508499999999,35.460168749999994,24.57866025,4,6,2,1,2,1,1,2,0,1,1,1,0
Mouse1,thal,thal,118,18.418117499999997,75.704814,57.2866965,12,44,32,6,22,16,5,5,0,1,1,1,0
Mouse1,thal,thal,119,8.31990825,59.255529749999994,50.935621499999996,8,25,17,3,15,12,3,5,0,1,1,1,0
Mouse1,thal,thal,120,6.71096925,50.7662595,44.05529025,9,25,16,3,14,11,3,5,0,1,1,1,0
Mouse1,thal,thal,121,4.064687999999999,40.39283699999999,36.328148999999996,3,22,19,1,10,9,3,5,0,1,1,1,0
Mouse1,thal,thal,122,10.690976249999999,58.87446524999999,48.183488999999994,4,25,21,4,17,13,5,5,0,1,1,1,0
Mouse1,thal,thal,123,8.404589249999999,53.3066895,44.90210025,5,18,13,3,18,15,5,5,0,0,1,1,0
Mouse1,thal,thal,124,3.1543672499999995,37.323150749999996,34.168783499999996,3,10,7,1,5,4,2,3,0,1,1,1,0
Mouse1,thal,thal,125,14.035875749999999,64.103517,50.067641249999994,9,30,21,7,15,8,3,5,0,1,1,1,0
Mouse1,thal,thal,126,9.03969675,59.34021075,50.30051399999999,4,19,15,3,12,9,3,5,0,1,1,1,0
Mouse1,thal,thal,127,13.485449249999999,65.881818,52.39636874999999,8,24,16,3,6,3,2,5,0,1,1,1,0
Mouse1,thal,thal,128,11.728318499999999,62.98149374999999,51.25317525,7,26,19,1,10,9,3,5,0,1,1,1,0
Mouse1,thal,thal,129,2.9003242499999997,36.730383749999994,33.8300595,3,7,4,0,1,1,1,2,0,1,1,1,0
Mouse1,thal,thal,130,19.857694499999997,78.22407374999999,58.366379249999994,7,32,25,5,18,13,5,5,0,1,1,1,0
Mouse1,thal,thal,131,13.4219385,69.62895225,56.207013749999994,7,25,18,3,13,10,3,5,0,1,1,1,0
Mouse1,thal,thal,132,26.547493499999998,99.11911049999999,72.57161699999999,10,33,23,4,15,11,3,5,0,1,1,1,0
Mouse1,thal,thal,133,5.7159675,45.43135649999999,39.715388999999995,5,20,15,2,8,6,2,5,0,1,1,1,0
Mouse1,thal,thal,134,7.197884999999999,53.391370499999994,46.193485499999994,5,14,9,1,9,8,2,3,0,1,1,1,0
Mouse1,thal,thal,135,6.266393999999999,50.0888115,43.82241749999999,10,21,11,1,8,7,2,5,0,1,1,1,0
Mouse1,thal,thal,136,39.31315425,114.95445749999999,75.64130324999999,9,15,6,5,9,4,2,3,0,1,1,1,0
Mouse1,thal,thal,137,4.1917095,41.239647,37.047937499999996,2,17,15,0,6,6,2,5,0,1,1,1,0
Mouse1,thal,thal,138,4.0223474999999995,35.96825475,31.945907249999998,2,12,10,1,7,6,2,3,0,1,1,1,0
Mouse1,thal,thal,139,5.01734925,36.30697875,31.289629499999997,2,14,12,1,4,3,2,3,0,1,1,1,0
Mouse1,thal,thal,140,5.864159249999999,50.13115199999999,44.26699274999999,4,15,11,2,10,8,3,3,0,1,1,1,0
Mouse1,thal,thal,141,11.855339999999998,68.44341825,56.588078249999995,5,15,10,7,8,1,2,3,0,1,1,1,0
Mouse1,thal,thal,142,5.7583079999999995,46.42635824999999,40.66805024999999,3,11,8,1,5,4,2,3,0,1,1,1,0
Mouse1,thal,thal,143,3.5989424999999997,40.308156,36.7092135,2,12,10,0,5,5,2,3,0,1,1,1,0
Mouse1,thal,thal,144,8.06586525,55.656587249999994,47.59072199999999,3,7,4,2,4,2,2,2,0,1,1,1,0
Mouse1,thal,thal,145,15.5389635,69.54427125,54.00530774999999,9,24,15,1,5,4,2,5,0,1,1,1,0
Mouse1,thal,thal,146,1.7359604999999998,27.6483465,25.912385999999998,1,8,7,0,2,2,1,2,0,1,1,1,0
Mouse1,thal,thal,147,3.36606975,31.226118749999998,27.860048999999997,4,9,5,0,7,7,2,2,0,1,1,1,0
Mouse1,thal,thal,148,7.47309825,54.89445824999999,47.42135999999999,3,10,7,1,3,2,1,3,0,1,1,1,0
Mouse1,thal,thal,149,7.938843749999999,51.994133999999995,44.05529025,1,3,2,1,3,2,1,1,0,0,1,1,0
Mouse1,thal,thal,150,21.7206765,82.18291049999999,60.462233999999995,8,13,5,4,11,7,3,3,0,1,1,1,0
Mouse1,thal,thal,151,11.4742755,60.970319999999994,49.496044499999996,3,5,2,0,2,2,1,2,0,1,1,1,0
Mouse1,thal,thal,152,13.464279,70.66629449999999,57.202015499999995,4,5,1,0,0,0,0,2,0,1,0,1,0
Mouse1,thal,thal,153,36.942086249999996,117.17733374999999,80.2352475,3,17,14,2,7,5,2,5,0,1,1,1,0
Mouse1,thal,thal,154,29.63835,97.44666074999999,67.80831074999999,4,8,4,3,9,6,2,2,1,0,1,1,0
Mouse1,thal,thal,155,4.488092999999999,41.811243749999996,37.323150749999996,1,7,6,0,4,4,2,2,0,1,1,1,0
Mouse1,thal,thal,156,1.947663,31.289629499999997,29.341966499999998,1,6,5,0,3,3,1,2,0,1,1,1,0
Mouse1,thal,thal,157,4.55160375,28.050581249999997,23.4989775,1,10,9,1,4,3,2,3,0,1,1,1,0
Mouse1,thal,thal,158,14.141727,70.17937875,56.037651749999995,4,7,3,1,1,0,1,2,0,1,1,1,0
Mouse1,thal,thal,159,13.5913005,67.38490574999999,53.79360524999999,5,9,4,0,2,2,1,2,0,1,1,1,0
Mouse1,thal,thal,160,4.9538385,29.511328499999998,24.557489999999998,2,4,2,0,1,1,1,2,0,1,1,1,0
Mouse1,thal,thal,161,16.703327249999997,79.40960774999999,62.70628049999999,4,6,2,1,2,1,1,2,0,1,1,1,0
Mouse1,thal,thal,162,10.204060499999999,55.974140999999996,45.7700805,4,12,8,0,5,5,2,3,0,1,1,1,0
Mouse1,thal,thal,163,7.8753329999999995,51.613069499999995,43.7377365,3,13,10,0,6,6,2,3,0,1,1,1,0
Mouse1,thal,thal,164,7.197884999999999,49.707747,42.509862,7,14,7,2,5,3,2,3,0,1,1,1,0
Mouse1,thal,thal,165,1.1431935,29.0032425,27.860048999999997,1,7,6,0,3,3,1,2,0,1,1,1,0
Mouse1,thal,thal,166,6.0546915,47.569551749999995,41.51486025,5,20,15,1,9,8,2,5,0,1,1,1,0
Mouse1,thal,thal,167,3.5989424999999997,39.50368649999999,35.904743999999994,1,11,10,0,2,2,1,3,0,1,1,1,0
Mouse1,thal,thal,168,26.441642249999997,90.439308,63.997665749999996,0,11,11,0,3,3,1,3,0,1,1,1,0
Mouse1,thal,thal,169,6.965012249999999,49.60189575,42.636883499999996,4,18,14,1,8,7,2,5,0,1,1,1,0
Mouse1,thal,thal,170,8.02352475,51.316686,43.29316125,2,3,1,0,0,0,0,1,0,1,0,1,0
Mouse1,thal,thal,171,36.9632565,114.65807399999998,77.6948175,15,31,16,1,7,6,2,5,0,1,1,1,0
Mouse1,thal,thal,172,11.2202325,39.39783525,28.17760275,2,5,3,1,1,0,1,2,0,1,1,1,0
Mouse1,thal,thal,173,10.585125,50.68157849999999,40.096453499999996,5,13,8,1,3,2,1,3,0,1,1,1,0
Mouse1,thal,thal,174,10.0346985,28.72802925,18.693330749999998,5,7,2,1,3,2,1,2,0,1,1,1,0
Mouse1,thal,thal,175,9.1878885,42.255818999999995,33.067930499999996,4,11,7,1,6,5,2,3,0,1,1,1,0
Mouse1,thal,thal,176,7.09203375,39.80007,32.70803625,5,15,10,1,4,3,2,3,0,1,1,1,0
Mouse1,thal,thal,177,34.338145499999996,106.23231449999999,71.89416899999999,0,12,12,0,7,7,2,3,0,1,1,1,0
Mouse1,thal,thal,178,19.667162249999997,78.499287,58.83212474999999,11,24,13,1,7,6,2,5,0,1,1,1,0
Mouse1,thal,thal,179,12.871512,31.226118749999998,18.35460675,8,15,7,1,3,2,1,3,0,1,1,1,0
Mouse1,thal,thal,180,3.6201127499999997,39.059111249999994,35.4389985,3,11,8,0,5,5,2,3,0,1,1,1,0
Mouse1,thal,thal,181,15.242579999999998,55.042649999999995,39.80007,11,21,10,3,6,3,2,5,0,1,1,1,0
Mouse1,thal,thal,182,5.7159675,45.134972999999995,39.4190055,3,17,14,2,10,8,3,5,0,1,1,1,0
Mouse1,thal,thal,183,7.4942684999999996,51.655409999999996,44.1611415,4,23,19,2,7,5,2,5,0,1,1,1,0
Mouse1,thal,thal,184,8.95501575,55.698927749999996,46.743911999999995,7,24,17,3,9,6,2,5,0,1,1,1,0
Mouse1,thal,thal,185,5.7794782499999995,42.425180999999995,36.64570275,2,9,7,0,4,4,2,2,0,1,1,1,0
Mouse1,thal,thal,186,13.125554999999999,68.67629099999999,55.55073599999999,2,3,1,1,3,2,1,1,0,0,1,1,0
Mouse1,thal,thal,187,31.861226249999998,98.75921625,66.89799,19,34,15,10,23,13,5,5,0,1,1,1,0
Mouse1,thal,thal,188,35.502509249999996,124.20585675,88.70334749999999,16,28,12,6,17,11,5,5,0,1,1,1,0
Mouse1,thal,thal,189,27.309622499999996,92.93739749999999,65.627775,13,26,13,11,21,10,5,5,0,1,1,1,0
Mouse1,thal,thal,190,4.763306249999999,43.10262899999999,38.339322749999994,4,13,9,0,6,6,2,3,0,1,1,1,0
Mouse1,thal,thal,191,6.859160999999999,52.269347249999996,45.410186249999995,6,20,14,1,6,5,2,5,0,1,1,1,0
Mouse1,thal,thal,192,26.632174499999998,98.12410874999999,71.49193425,14,29,15,2,8,6,2,5,0,1,1,1,0
Mouse1,thal,thal,193,7.578949499999999,50.935621499999996,43.356671999999996,1,7,6,1,12,11,3,2,1,0,1,1,0
Mouse1,thal,thal,194,10.563954749999999,53.3066895,42.74273475,5,17,12,2,11,9,3,5,0,1,1,1,0
Mouse1,thal,thal,195,29.913563249999996,117.32552549999998,87.41196224999999,13,30,17,9,17,8,5,5,0,1,1,1,0
Mouse1,thal,thal,196,21.7206765,82.79684775,61.076171249999994,9,30,21,13,34,21,5,5,1,0,1,1,0
Mouse1,thal,thal,197,4.59394425,43.5683745,38.97443025,2,13,11,0,4,4,2,3,0,1,1,1,0
Mouse1,thal,thal,198,38.9109195,104.411673,65.50075349999999,17,23,6,4,11,7,3,5,0,1,1,1,0
Mouse1,thal,thal,199,21.911208749999997,82.86035849999999,60.94914975,2,20,18,2,12,10,3,5,0,1,1,1,0
Mouse1,thal,thal,200,15.750665999999999,69.22671749999999,53.4760515,7,13,6,3,13,10,3,3,0,0,1,1,0
Mouse1,thal,thal,201,8.78565375,59.42489174999999,50.639238,6,29,23,4,22,18,5,5,0,1,1,1,0
Mouse1,thal,thal,202,4.0435177499999995,40.28698575,36.243468,3,18,15,2,15,13,3,5,0,1,1,1,0
Mouse1,thal,thal,203,7.748311499999999,38.84740875,31.099097249999996,7,13,6,0,6,6,2,3,0,1,1,1,0
Mouse1,thal,thal,204,11.326083749999999,69.24788774999999,57.921803999999995,4,23,19,3,7,4,2,5,0,1,1,1,0
Mouse1,thal,thal,205,8.171716499999999,28.346964749999998,20.17524825,3,3,0,2,5,3,2,1,1,0,1,1,0
Mouse1,thal,thal,206,30.16760625,98.25113024999999,68.083524,16,42,26,4,13,9,3,5,0,1,1,1,0
Mouse1,thal,thal,207,7.981184249999999,54.111158999999994,46.129974749999995,8,18,10,0,10,10,3,5,0,1,1,1,0
Mouse1,thal,thal,208,21.212590499999997,81.01854675,59.805956249999994,6,27,21,10,22,12,5,5,0,1,1,1,0
Mouse1,thal,thal,209,9.9500175,32.8138875,22.86387,7,8,1,1,3,2,1,2,0,1,1,1,0
Mouse1,thal,thal,210,13.760662499999999,78.39343575,64.63277325,3,11,8,3,16,13,5,3,1,0,1,1,0
Mouse1,thal,thal,211,81.6748245,183.334365,101.65954049999999,4,20,16,0,6,6,2,5,0,1,1,1,0
Mouse1,thal,thal,212,9.907677,41.493689999999994,31.586012999999998,7,12,5,2,3,1,1,3,0,1,1,1,0
Mouse1,thal,thal,213,26.865047249999996,83.30493374999999,56.43988649999999,13,34,21,7,19,12,5,5,0,1,1,1,0
Mouse1,thal,thal,214,22.630997249999997,83.34727425,60.716277,17,46,29,4,15,11,3,5,0,1,1,1,0
Mouse1,thal,thal,215,5.123200499999999,43.54720424999999,38.42400375,2,5,3,1,9,8,2,2,1,0,1,1,0
Mouse1,thal,thal,216,9.738314999999998,53.56073249999999,43.82241749999999,6,29,23,1,10,9,3,5,0,1,1,1,0
Mouse1,thal,thal,217,9.336080249999998,51.21083475,41.874754499999995,13,19,6,2,3,1,1,5,0,1,1,1,0
Mouse1,thal,thal,218,29.0032425,92.0905875,63.08734499999999,16,39,23,8,24,16,5,5,0,1,1,1,0
Mouse1,thal,thal,219,7.028522999999999,49.220831249999996,42.192308249999996,5,15,10,2,9,7,2,3,0,1,1,1,0
Mouse1,thal,thal,220,28.982072249999998,113.2608375,84.27876524999999,9,30,21,8,20,12,5,5,0,1,1,1,0
Mouse1,thal,thal,221,30.591011249999998,98.8650675,68.27405624999999,9,41,32,6,21,15,5,5,0,1,1,1,0
Mouse1,thal,thal,222,21.212590499999997,72.14821199999999,50.935621499999996,14,35,21,4,25,21,5,5,0,1,1,1,0
Mouse1,thal,thal,223,14.416940249999998,55.61424674999999,41.197306499999996,9,19,10,2,6,4,2,5,0,1,1,1,0
Mouse1,thal,thal,224,21.78418725,63.70128224999999,41.917094999999996,14,24,10,3,8,5,2,5,0,1,1,1,0
Mouse1,thal,thal,225,7.4942684999999996,50.237003249999994,42.74273475,4,22,18,2,4,2,2,5,0,1,1,1,0
Mouse1,thal,thal,226,12.956192999999999,63.0450045,50.0888115,4,28,24,3,13,10,3,5,0,1,1,1,0
Mouse1,thal,thal,227,11.70714825,57.964144499999996,46.25699624999999,5,19,14,3,6,3,2,5,0,1,1,1,0
Mouse1,thal,thal,228,13.5066195,76.65747524999999,63.15085574999999,5,8,3,2,2,0,1,2,0,1,1,1,0
Mouse1,thal,thal,229,6.8168204999999995,36.116446499999995,29.299625999999996,6,12,6,1,3,2,1,3,0,1,1,1,0
Mouse1,thal,thal,230,1.6512794999999998,31.564842749999997,29.913563249999996,1,17,16,1,5,4,2,5,0,1,1,1,0
Mouse1,thal,thal,231,9.060867,50.32168425,41.260817249999995,3,15,12,2,8,6,2,3,0,1,1,1,0
Mouse1,thal,thal,232,1.3548959999999999,30.040584749999997,28.685688749999997,1,10,9,0,5,5,2,3,0,1,1,1,0
Mouse1,thal,thal,233,13.73949225,69.35373899999999,55.61424674999999,4,16,12,4,12,8,3,5,0,1,1,1,0
Mouse1,thal,thal,234,2.7097919999999998,36.0317655,33.3219735,1,4,3,0,5,5,2,2,1,0,1,1,0
Mouse1,thal,thal,235,115.97062949999999,231.66604574999997,115.69541625,2,23,21,1,11,10,3,5,0,1,1,1,0
Mouse1,thal,thal,236,18.01588275,79.1343945,61.118511749999996,5,5,0,1,1,0,1,2,0,1,1,1,0
Mouse1,thal,thal,237,4.00117725,36.81506475,32.8138875,4,14,10,1,3,2,1,3,0,1,1,1,0
Mouse1,thal,thal,238,1.9688332499999999,32.8138875,30.845054249999997,4,11,7,0,6,6,2,3,0,1,1,1,0
Mouse1,thal,thal,239,15.242579999999998,39.90592125,24.66334125,3,5,2,0,0,0,0,2,0,1,0,1,0
Mouse1,thal,thal,240,9.844166249999999,29.574839249999997,19.730673,2,4,2,1,2,1,1,2,0,1,1,1,0
Mouse1,thal,thal,241,13.78183275,46.34167725,32.5598445,3,5,2,0,1,1,1,2,0,1,1,1,0
Mouse1,thal,thal,242,10.500444,64.95032699999999,54.44988299999999,7,16,9,2,4,2,2,5,0,1,1,1,0
Mouse1,thal,thal,243,8.87033475,50.999132249999995,42.1287975,2,7,5,0,0,0,0,2,0,1,0,1,0
Mouse1,thal,thal,244,17.71949925,54.386372249999994,36.666872999999995,1,1,0,1,1,0,1,1,0,0,1,1,0
Mouse1,thal,thal,245,43.33550175,120.50106299999999,77.16556125,9,16,7,11,15,4,3,5,0,1,1,1,0
Mouse1,thal,thal,246,5.800648499999999,39.0802815,33.279633,1,1,0,0,0,0,0,1,0,1,0,1,0
Mouse1,thal,thal,247,18.48162825,76.42460249999999,57.94297424999999,2,7,5,1,3,2,1,2,0,1,1,1,0
Mouse1,thal,thal,248,6.4569262499999995,49.728917249999995,43.27199099999999,2,5,3,0,2,2,1,2,0,1,1,1,0
Mouse1,thal,thal,249,6.520436999999999,54.217010249999994,47.69657324999999,1,6,5,1,2,1,1,2,0,1,1,1,0
Mouse1,thal,thal,250,10.14054975,64.84447575,54.703925999999996,5,11,6,1,5,4,2,3,0,1,1,1,0
Mouse1,thal,thal,251,34.7615505,105.78773924999999,71.02618874999999,8,20,12,8,15,7,3,5,0,1,1,1,0
Mouse1,thal,thal,252,14.8615155,68.04118349999999,53.17966799999999,5,13,8,1,5,4,2,3,0,1,1,1,0
Mouse1,thal,thal,253,7.219055249999999,51.29551574999999,44.076460499999996,3,9,6,2,6,4,2,2,0,1,1,1,0
Mouse1,thal,thal,254,19.561311,77.65247699999999,58.091165999999994,7,20,13,0,2,2,1,5,0,1,1,1,0
Mouse1,thal,thal,255,13.443108749999999,67.02501149999999,53.58190275,1,9,8,2,6,4,2,2,0,1,1,1,0
Mouse1,thal,thal,256,10.923848999999999,60.673936499999996,49.75008749999999,4,6,2,0,3,3,1,2,0,1,1,1,0
Mouse1,thal,thal,257,29.130263999999997,95.41431675,66.28405275,6,25,19,6,15,9,3,5,0,1,1,1,0
Mouse1,thal,thal,258,7.790652,51.93062325,44.139971249999995,3,13,10,0,3,3,1,3,0,1,1,1,0
Mouse1,thal,thal,259,9.928847249999999,53.857116,43.928268749999994,2,6,4,1,2,1,1,2,0,1,1,1,0
Mouse1,thal,thal,260,56.545737749999994,141.94652624999998,85.40078849999999,3,28,25,0,2,2,1,5,0,1,1,1,0
Mouse1,thal,thal,261,13.803002999999999,66.07235025,52.269347249999996,3,13,10,0,1,1,1,3,0,1,1,1,0
Mouse1,thal,thal,262,13.23140625,70.962678,57.73127175,4,10,6,1,1,0,1,3,0,1,1,1,0
Mouse1,thal,thal,263,26.0394075,108.052956,82.0135485,9,22,13,2,6,4,2,5,0,1,1,1,0
Mouse1,thal,thal,264,16.91502975,78.88035149999999,61.965321749999994,3,9,6,1,4,3,2,2,0,1,1,1,0
Mouse1,thal,thal,265,7.261395749999999,50.004130499999995,42.74273475,5,15,10,0,7,7,2,3,0,1,1,1,0
Mouse1,thal,thal,266,25.616002499999997,88.661007,63.0450045,11,32,21,8,16,8,5,5,0,1,1,1,0
Mouse1,thal,thal,267,9.611293499999999,56.757440249999995,47.14614674999999,6,11,5,2,4,2,2,3,0,1,1,1,0
Mouse1,thal,thal,268,3.8318152499999996,39.630708,35.79889275,1,7,6,2,3,1,1,2,0,1,1,1,0
Mouse1,thal,thal,269,18.0793935,74.15938575,56.07999225,9,19,10,2,9,7,2,5,0,1,1,1,0
Mouse1,thal,thal,270,10.14054975,52.989135749999996,42.848586,5,9,4,1,2,1,1,2,0,1,1,1,0
Mouse1,thal,thal,271,6.37224525,47.5483815,41.17613625,5,12,7,1,7,6,2,3,0,1,1,1,0
Mouse1,thal,thal,272,41.218476749999994,117.05031224999999,75.8318355,20,36,16,0,8,8,2,5,0,1,1,1,0
Mouse1,thal,thal,273,10.204060499999999,61.055001,50.85094049999999,5,18,13,1,9,8,2,5,0,1,1,1,0
Mouse1,thal,thal,274,5.0596897499999995,43.67422575,38.614535999999994,1,10,9,1,3,2,1,3,0,1,1,1,0
Mouse1,thal,thal,275,14.162897249999999,53.497221749999994,39.334324499999994,10,13,3,1,4,3,2,3,0,1,1,1,0
Mouse1,thal,thal,276,6.583947749999999,47.97178649999999,41.38783874999999,4,19,15,0,7,7,2,5,0,1,1,1,0
Mouse1,thal,thal,277,8.976185999999998,38.191131,29.214944999999997,4,12,8,1,3,2,1,3,0,1,1,1,0
Mouse1,thal,thal,278,8.31990825,57.837123,49.517214749999994,6,21,15,2,8,6,2,5,0,1,1,1,0
Mouse1,thal,thal,279,9.695974499999998,45.0079515,35.311977,7,15,8,3,5,2,2,3,0,1,1,1,0
Mouse1,thal,thal,280,21.318441749999998,71.47076399999999,50.15232225,7,30,23,3,8,5,2,5,0,1,1,1,0
Mouse1,thal,thal,281,16.83034875,72.25406324999999,55.423714499999996,6,14,8,1,3,2,1,3,0,1,1,1,0
Mouse1,thal,thal,282,7.240225499999999,40.816241999999995,33.576016499999994,3,9,6,2,6,4,2,2,0,1,1,1,0
Mouse1,thal,thal,283,7.896503249999999,42.806245499999996,34.909742249999994,6,17,11,1,4,3,2,5,0,1,1,1,0
Mouse1,thal,thal,284,19.667162249999997,81.56897325,61.901810999999995,12,26,14,2,8,6,2,5,0,1,1,1,0
Mouse1,thal,thal,285,6.562777499999999,47.844764999999995,41.2819875,3,18,15,0,5,5,2,5,0,1,1,1,0
Mouse1,thal,thal,286,12.553958249999999,63.235536749999994,50.68157849999999,7,14,7,3,7,4,2,3,0,1,1,1,0
Mouse1,thal,thal,287,13.252576499999998,60.5045745,47.25199799999999,4,11,7,2,6,4,2,3,0,1,1,1,0
Mouse1,thal,thal,288,11.093210999999998,66.91916024999999,55.825949249999994,5,28,23,0,3,3,1,5,0,1,1,1,0
Mouse1,thal,thal,289,8.849164499999999,46.468698749999994,37.619534249999994,8,20,12,2,8,6,2,5,0,1,1,1,0
Mouse1,thal,thal,290,12.003531749999999,43.5683745,31.564842749999997,8,19,11,1,3,2,1,5,0,1,1,1,0
Mouse1,thal,thal,291,13.485449249999999,45.854761499999995,32.36931225,7,15,8,3,4,1,2,3,0,1,1,1,0
Mouse1,thal,thal,292,18.48162825,78.88035149999999,60.398723249999996,7,14,7,1,6,5,2,3,0,1,1,1,0
Mouse1,thal,thal,293,4.805646749999999,42.594542999999994,37.78889624999999,4,24,20,0,7,7,2,5,0,1,1,1,0
Mouse1,thal,thal,294,25.76419425,69.26905799999999,43.50486375,10,23,13,1,6,5,2,5,0,1,1,1,0
Mouse1,thal,thal,295,4.488092999999999,41.747733,37.25964,3,20,17,1,10,9,3,5,0,1,1,1,0
Mouse1,thal,thal,296,8.806823999999999,49.60189575,40.79507175,6,14,8,1,6,5,2,3,0,1,1,1,0
Mouse1,thal,thal,297,17.147902499999997,72.00002024999999,54.85211775,7,36,29,13,26,13,5,5,0,1,1,1,0
Mouse1,thal,thal,298,11.3049135,61.118511749999996,49.81359825,5,25,20,5,18,13,5,5,0,1,1,1,0
Mouse1,thal,thal,299,10.458103499999998,69.92533574999999,59.467232249999995,4,22,18,4,15,11,3,5,0,1,1,1,0
Mouse1,thal,thal,300,8.4681,36.64570275,28.17760275,5,15,10,0,6,6,2,3,0,1,1,1,0
Mouse1,thal,thal,301,6.8168204999999995,42.8909265,36.07410599999999,2,10,8,1,3,2,1,3,0,1,1,1,0
Mouse1,thal,thal,302,31.014416249999996,99.60602624999999,68.59160999999999,17,29,12,13,20,7,5,5,0,1,1,1,0
Mouse1,thal,thal,303,11.897680499999998,39.4190055,27.521324999999997,6,14,8,4,7,3,2,3,0,1,1,1,0
Mouse1,thal,thal,304,8.5104405,52.84094399999999,44.3305035,2,11,9,2,9,7,2,3,0,1,1,1,0
Mouse1,thal,thal,305,3.8106449999999996,39.5883675,35.777722499999996,2,21,19,2,9,7,2,5,0,1,1,1,0
Mouse1,thal,thal,306,8.19288675,53.58190275,45.389016,3,9,6,2,12,10,3,2,1,0,1,1,0
Mouse1,thal,thal,307,10.415762999999998,62.26170524999999,51.84594224999999,6,19,13,5,15,10,3,5,0,1,1,1,0
Mouse1,thal,thal,308,8.02352475,52.7986035,44.77507875,4,15,11,3,8,5,2,3,0,1,1,1,0
Mouse1,thal,thal,309,11.961191249999999,54.28052099999999,42.319329749999994,1,1,0,0,4,4,2,1,1,0,1,1,0
Mouse1,thal,thal,310,18.460458,72.35991449999999,53.89945649999999,5,11,6,7,7,0,2,3,0,1,1,1,0
Mouse1,thal,thal,311,45.6007185,131.74246574999998,86.14174725,19,31,12,7,13,6,3,5,0,1,1,1,0
Mouse1,thal,thal,312,10.733316749999998,75.04853625,64.3152195,5,19,14,2,6,4,2,5,0,1,1,1,0
Mouse1,thal,thal,313,18.502798499999997,63.87064424999999,45.367845749999994,8,11,3,3,6,3,2,3,0,1,1,1,0
Mouse1,thal,thal,314,4.0223474999999995,40.24464525,36.222297749999996,4,11,7,0,5,5,2,3,0,1,1,1,0
Mouse1,thal,thal,315,14.565131999999998,77.50428525,62.93915325,6,20,14,4,11,7,3,5,0,1,1,1,0
Mouse1,thal,thal,316,14.925026249999998,61.16085225,46.235825999999996,9,20,11,4,9,5,2,5,0,1,1,1,0
Mouse1,thal,thal,317,7.5154387499999995,51.12615374999999,43.610715,5,27,22,2,6,4,2,5,0,1,1,1,0
Mouse1,thal,thal,318,12.448106999999998,49.75008749999999,37.3019805,7,15,8,0,4,4,2,3,0,1,1,1,0
Mouse1,thal,thal,319,31.586012999999998,101.532519,69.946506,25,42,17,2,9,7,2,5,0,1,1,1,0
Mouse1,thal,thal,320,4.572774,52.39636874999999,47.82359475,3,27,24,3,13,10,3,5,0,1,1,1,0
Mouse1,thal,thal,321,4.763306249999999,28.516326749999998,23.753020499999998,2,7,5,1,5,4,2,2,0,1,1,1,0
Mouse1,thal,thal,322,5.3772435,61.795959749999994,56.418716249999996,2,17,15,2,7,5,2,5,0,1,1,1,0
Mouse1,thal,thal,323,7.684800749999999,48.098808,40.41400725,5,19,14,1,4,3,2,5,0,1,1,1,0
Mouse1,thal,thal,324,5.6312865,47.230827749999996,41.599541249999994,4,14,10,1,3,2,1,3,0,1,1,1,0
Mouse1,thal,thal,325,19.07439525,77.90651999999999,58.83212474999999,9,40,31,9,27,18,5,5,0,1,1,1,0
Mouse1,thal,thal,326,19.20141675,66.305223,47.10380625,14,29,15,1,5,4,2,5,0,1,1,1,0
Mouse1,thal,thal,327,13.612470749999998,71.06852925,57.4560585,8,30,22,3,11,8,3,5,0,1,1,1,0
Mouse1,thal,thal,328,12.003531749999999,64.54809225,52.544560499999996,6,17,11,5,10,5,3,5,0,1,1,1,0
Mouse1,thal,thal,329,6.351075,48.41636174999999,42.06528675,3,17,14,0,7,7,2,5,0,1,1,1,0
Mouse1,thal,thal,330,17.76183975,77.97003074999999,60.20819099999999,11,32,21,5,16,11,5,5,0,1,1,1,0
Mouse1,thal,thal,331,5.7583079999999995,37.06910774999999,31.310799749999997,2,5,3,1,1,0,1,2,0,1,1,1,0
Mouse1,thal,thal,332,11.283743249999999,54.492223499999994,43.208480249999994,8,23,15,1,5,4,2,5,0,1,1,1,0
Mouse1,thal,thal,333,5.0385195,43.16613975,38.12762025,1,11,10,1,4,3,2,3,0,1,1,1,0
Mouse1,thal,thal,334,28.029410999999996,85.95121499999999,57.921803999999995,0,11,11,0,4,4,2,3,0,1,1,1,0
Mouse1,thal,thal,335,7.896503249999999,53.391370499999994,45.49486725,5,20,15,4,9,5,2,5,0,1,1,1,0
Mouse1,thal,thal,336,3.1331969999999996,26.82270675,23.68950975,2,3,1,2,4,2,2,1,1,0,1,1,0
Mouse1,thal,thal,337,30.654521999999996,98.37815174999999,67.72362975,9,17,8,7,13,6,3,5,0,1,1,1,0
Mouse1,thal,thal,338,4.0435177499999995,31.69186425,27.6483465,1,5,4,0,3,3,1,2,0,1,1,1,0
Mouse1,thal,thal,339,4.826816999999999,45.70656974999999,40.879752749999994,3,7,4,0,3,3,1,2,0,1,1,1,0
Mouse1,thal,thal,340,6.32990475,47.019125249999995,40.6892205,2,3,1,2,6,4,2,1,1,0,1,1,0
Mouse1,thal,thal,341,6.880331249999999,52.29051749999999,45.410186249999995,2,4,2,0,2,2,1,2,0,1,1,1,0
Mouse1,thal,thal,342,20.132907749999998,97.87006575,77.737158,3,10,7,1,4,3,2,3,0,1,1,1,0
Mouse1,thal,thal,343,130.0276755,252.22235849999998,122.19468299999998,1,11,10,0,3,3,1,3,0,1,1,1,0
Mouse1,thal,thal,344,21.826527749999997,82.03471875,60.20819099999999,1,3,2,0,0,0,0,1,0,1,0,1,0
Mouse1,thal,thal,345,10.415762999999998,63.404898749999994,52.989135749999996,6,11,5,1,2,1,1,3,0,1,1,1,0
Mouse1,thal,thal,346,46.59572024999999,127.50841574999998,80.9126955,10,17,7,14,23,9,5,5,1,0,1,1,0
Mouse1,thal,thal,347,13.845343499999998,70.47576224999999,56.63041875,6,13,7,0,2,2,1,3,0,1,1,1,0
Mouse1,thal,thal,348,3.7894747499999997,39.376664999999996,35.58719025,3,8,5,2,5,3,2,2,0,1,1,1,0
Mouse1,thal,thal,349,4.0435177499999995,43.208480249999994,39.164962499999994,1,2,1,1,3,2,1,1,1,0,1,1,0
Mouse1,thal,thal,350,8.27756775,52.438709249999995,44.1611415,7,12,5,0,2,2,1,3,0,1,1,1,0
Mouse1,thal,thal,351,6.986182499999999,49.284341999999995,42.2981595,1,5,4,0,4,4,2,2,0,1,1,1,0
Mouse1,thal,thal,352,6.668628749999999,47.844764999999995,41.17613625,3,12,9,1,2,1,1,3,0,1,1,1,0
Mouse1,thal,thal,353,44.77507875,122.36404499999999,77.58896625,15,24,9,6,19,13,5,5,0,1,1,1,0
Mouse1,thal,thal,354,32.411652749999995,102.01943474999999,69.607782,13,25,12,7,13,6,3,5,0,1,1,1,0
Mouse1,thal,thal,355,3.1755375,37.556023499999995,34.380486,2,8,6,2,2,0,1,2,0,1,1,1,0
Mouse1,thal,thal,356,32.83505775,83.62248749999999,50.787429749999994,12,24,12,12,22,10,5,5,0,1,1,1,0
Mouse1,thal,thal,357,10.6274655,66.19937175,55.57190625,8,15,7,2,4,2,2,3,0,1,1,1,0
Mouse1,thal,thal,358,23.202593999999998,85.18908599999999,61.98649199999999,8,21,13,2,8,6,2,5,0,1,1,1,0
Mouse1,thal,thal,359,14.925026249999998,66.05117999999999,51.12615374999999,3,10,7,0,5,5,2,3,0,1,1,1,0
Mouse1,thal,thal,360,27.542495249999998,73.82066175,46.2781665,9,23,14,5,12,7,3,5,0,1,1,1,0
Mouse1,thal,thal,361,6.922671749999999,53.11615724999999,46.193485499999994,2,8,6,1,1,0,1,2,0,1,1,1,0
Mouse1,thal,thal,362,9.2725695,59.72127525,50.448705749999995,2,6,4,1,3,2,1,2,0,1,1,1,0
Mouse1,thal,thal,363,1.7147902499999998,31.670693999999997,29.955903749999997,2,6,4,0,9,9,2,2,1,0,1,1,0
Mouse1,thal,thal,364,7.451928,53.45488124999999,46.00295325,5,8,3,0,2,2,1,2,0,1,1,1,0
Mouse1,thal,thal,365,173.8077525,314.18768024999997,140.37992774999998,10,28,18,1,10,9,3,5,0,1,1,1,0
Mouse1,thal,thal,366,32.36931225,100.855071,68.48575874999999,13,26,13,6,15,9,3,5,0,1,1,1,0
Mouse1,thal,thal,367,23.202593999999998,85.019724,61.81712999999999,7,22,15,4,12,8,3,5,0,1,1,1,0
Mouse1,thal,thal,368,13.337257499999998,69.3960795,56.05882199999999,5,17,12,3,9,6,2,5,0,1,1,1,0
Mouse1,thal,thal,369,18.396947249999997,78.43577624999999,60.03882899999999,12,27,15,0,2,2,1,5,0,1,1,1,0
Mouse1,thal,thal,370,11.66480775,60.44106375,48.776256,6,19,13,7,19,12,5,5,0,0,1,1,0
Mouse1,thal,thal,371,34.35931575,104.53869449999999,70.17937875,12,19,7,6,9,3,2,5,0,1,1,1,0
Mouse1,thal,thal,372,7.028522999999999,52.713922499999995,45.685399499999995,4,14,10,1,4,3,2,3,0,1,1,1,0
Mouse1,thal,thal,373,10.585125,66.38990399999999,55.804778999999996,4,16,12,1,6,5,2,5,0,1,1,1,0
Mouse1,thal,thal,374,26.632174499999998,94.92740099999999,68.2952265,9,14,5,1,3,2,1,3,0,1,1,1,0
Mouse1,thal,thal,375,23.985893249999997,99.77538824999999,75.78949499999999,13,28,15,0,2,2,1,5,0,1,1,1,0
Mouse1,thal,thal,376,9.441931499999999,61.965321749999994,52.52339025,1,4,3,0,1,1,1,2,0,1,1,1,0
Mouse1,thal,thal,377,17.973542249999998,81.88652699999999,63.91298474999999,11,17,6,0,1,1,1,5,0,1,1,1,0
Mouse1,thal,thal,378,14.670983249999999,59.55191324999999,44.88093,6,16,10,1,4,3,2,5,0,1,1,1,0
Mouse1,thal,thal,379,4.445752499999999,41.9594355,37.51368299999999,4,10,6,1,8,7,2,3,0,1,1,1,0
Mouse1,thal,thal,380,22.101740999999997,82.0135485,59.911807499999995,10,36,26,3,17,14,5,5,0,1,1,1,0
Mouse1,thal,thal,381,9.738314999999998,54.06881849999999,44.3305035,2,2,0,0,0,0,0,1,0,1,0,1,0
Mouse1,thal,thal,382,22.96972125,85.25259675,62.282875499999996,10,30,20,2,6,4,2,5,0,1,1,1,0
Mouse1,thal,thal,383,14.692153499999998,60.37755299999999,45.685399499999995,1,1,0,1,1,0,1,1,0,0,1,1,0
Mouse1,thal,thal,384,21.995889749999996,82.77567749999999,60.77978775,12,36,24,2,8,6,2,5,0,1,1,1,0
Mouse1,thal,thal,385,11.516615999999999,61.245533249999994,49.728917249999995,3,8,5,0,1,1,1,2,0,1,1,1,0
Mouse1,thal,thal,386,19.28609775,77.2714125,57.98531474999999,10,27,17,3,15,12,3,5,0,1,1,1,0
Mouse1,thal,thal,387,8.722142999999999,44.98678124999999,36.26463825,2,2,0,1,1,0,1,1,0,1,1,1,0
Mouse1,thal,thal,388,81.27258975,166.482846,85.21025624999999,7,22,15,0,7,7,2,5,0,1,1,1,0
Mouse1,thal,thal,389,4.0435177499999995,40.24464525,36.2011275,4,15,11,1,8,7,2,3,0,1,1,1,0
Mouse1,thal,thal,390,11.83416975,49.623065999999994,37.78889624999999,5,17,12,1,3,2,1,5,0,1,1,1,0
Mouse1,thal,thal,391,36.8785755,109.04795775,72.16938225,13,27,14,15,25,10,5,5,0,1,1,1,0
Mouse1,thal,thal,392,11.07204075,69.0573555,57.98531474999999,5,23,18,1,3,2,1,5,0,1,1,1,0
Mouse1,thal,thal,393,20.048226749999998,62.47340774999999,42.425180999999995,13,22,9,2,4,2,2,5,0,1,1,1,0
Mouse1,thal,thal,394,115.90711875,219.23910899999998,103.33199024999999,8,16,8,2,6,4,2,5,0,1,1,1,0
Mouse1,thal,thal,395,23.94355275,85.84536374999999,61.901810999999995,9,25,16,0,6,6,2,5,0,1,1,1,0
Mouse1,thal,thal,396,4.23405,33.343143749999996,29.109093749999996,2,8,6,0,3,3,1,2,0,1,1,1,0
Mouse1,thal,thal,397,46.1088045,124.62926174999998,78.52045724999999,9,24,15,11,20,9,5,5,0,1,1,1,0
Mouse1,thal,thal,398,7.981184249999999,56.207013749999994,48.225829499999996,3,18,15,1,7,6,2,5,0,1,1,1,0
Mouse1,thal,thal,399,4.509263249999999,42.509862,38.000598749999995,1,21,20,1,6,5,2,5,0,1,1,1,0
Mouse1,thal,thal,400,4.23405,46.405187999999995,42.171138,4,11,7,2,9,7,2,3,0,1,1,1,0
Mouse1,thal,thal,401,11.643637499999999,70.51810275,58.87446524999999,10,28,18,3,7,4,2,5,0,1,1,1,0
Mouse1,thal,thal,402,7.748311499999999,51.337856249999994,43.589544749999995,4,11,7,1,4,3,2,3,0,1,1,1,0
Mouse1,thal,thal,403,27.45781425,89.40196574999999,61.9441515,11,29,18,3,12,9,3,5,0,1,1,1,0
Mouse1,thal,thal,404,2.2440464999999996,33.80888925,31.564842749999997,1,13,12,0,7,7,2,3,0,1,1,1,0
Mouse1,thal,thal,405,45.45252675,126.51341399999998,81.06088725,21,53,32,18,36,18,5,5,0,1,1,1,0
Mouse1,thal,thal,406,26.526323249999997,90.69335099999999,64.16702774999999,10,28,18,5,13,8,3,5,0,1,1,1,0
Mouse1,thal,thal,407,9.082037249999999,59.17084875,50.0888115,5,26,21,1,12,11,3,5,0,1,1,1,0
Mouse1,thal,thal,408,26.2087695,86.64983324999999,60.44106375,17,36,19,1,7,6,2,5,0,1,1,1,0
Mouse1,thal,thal,409,4.805646749999999,32.7292065,27.92355975,2,9,7,3,9,6,2,2,0,0,1,1,0
Mouse1,thal,thal,410,26.992068749999998,92.32346025,65.3313915,13,44,31,8,29,21,5,5,0,1,1,1,0
Mouse1,thal,thal,411,19.137905999999997,58.87446524999999,39.73655925,7,23,16,4,10,6,3,5,0,1,1,1,0
Mouse1,thal,thal,412,35.35431749999999,116.88095024999998,81.52663274999999,25,50,25,10,15,5,3,5,0,1,1,1,0
Mouse1,thal,thal,413,5.229051749999999,44.288163,39.059111249999994,5,14,9,0,3,3,1,3,0,1,1,1,0
Mouse1,thal,thal,414,3.7471342499999998,39.757729499999996,36.010595249999994,3,19,16,0,9,9,2,5,0,1,1,1,0
Mouse1,thal,thal,415,14.8615155,75.02736599999999,60.1658505,14,34,20,5,11,6,3,5,0,1,1,1,0
Mouse1,thal,thal,416,21.847697999999998,62.36755649999999,40.5198585,12,31,19,2,13,11,3,5,0,1,1,1,0
Mouse1,thal,thal,417,8.27756775,52.227006749999994,43.949439,4,28,24,1,11,10,3,5,0,1,1,1,0
Mouse1,thal,thal,418,28.664518499999996,70.4969325,41.83241399999999,20,31,11,2,11,9,3,5,0,1,1,1,0
Mouse1,thal,thal,419,21.847697999999998,83.19908249999999,61.351384499999995,13,24,11,2,13,11,3,5,0,1,1,1,0
Mouse1,thal,thal,420,25.002065249999998,61.9441515,36.942086249999996,20,33,13,2,3,1,1,5,0,1,1,1,0
Mouse1,thal,thal,421,11.643637499999999,41.324327999999994,29.680690499999997,7,11,4,2,4,2,2,3,0,1,1,1,0
Mouse1,thal,thal,422,26.356961249999998,69.26905799999999,42.912096749999996,12,27,15,2,7,5,2,5,0,1,1,1,0
Mouse1,thal,thal,423,25.086746249999997,108.96327674999999,83.87653049999999,11,47,36,9,23,14,5,5,0,1,1,1,0
Mouse1,thal,thal,424,2.30755725,11.918850749999999,9.611293499999999,2,3,1,0,0,0,0,1,0,1,0,1,0
Mouse1,thal,thal,425,6.541607249999999,47.908275749999994,41.366668499999996,1,16,15,0,6,6,2,5,0,1,1,1,0
Mouse1,thal,thal,426,15.242579999999998,78.54162749999999,63.29904749999999,8,26,18,2,12,10,3,5,0,1,1,1,0
Mouse1,thal,thal,427,29.61717975,100.36815524999999,70.7509755,11,30,19,4,12,8,3,5,0,1,1,1,0
Mouse1,thal,thal,428,24.536319749999997,91.37079899999999,66.83447924999999,9,35,26,3,12,9,3,5,0,1,1,1,0
Mouse1,thal,thal,429,20.408120999999998,79.70599125,59.297870249999995,7,20,13,4,5,1,2,5,0,1,1,1,0
Mouse1,thal,thal,430,9.124377749999999,64.25170874999999,55.127331,6,19,13,1,7,6,2,5,0,1,1,1,0
Mouse1,thal,thal,431,20.97971775,80.55280124999999,59.573083499999996,9,32,23,11,22,11,5,5,0,1,1,1,0
Mouse1,thal,thal,432,34.7615505,119.80244474999999,85.04089425,18,37,19,3,9,6,2,5,0,1,1,1,0
Mouse1,thal,thal,433,5.229051749999999,41.30315775,36.07410599999999,3,10,7,0,5,5,2,3,0,1,1,1,0
Mouse1,thal,thal,434,17.5713075,62.36755649999999,44.796248999999996,10,19,9,1,6,5,2,5,0,1,1,1,0
Mouse1,thal,thal,435,96.93857474999999,209.62781549999997,112.68924075,22,37,15,9,22,13,5,5,0,1,1,1,0
Mouse1,thal,thal,436,18.206415,58.239357749999996,40.03294275,12,21,9,2,10,8,3,5,0,1,1,1,0
Mouse1,thal,thal,437,9.568952999999999,55.55073599999999,45.98178299999999,4,15,11,1,6,5,2,3,0,1,1,1,0
Mouse1,thal,thal,438,8.933845499999999,31.586012999999998,22.652167499999997,6,12,6,1,3,2,1,3,0,1,1,1,0
Mouse1,thal,thal,439,7.600119749999999,50.53338675,42.933266999999994,6,16,10,0,7,7,2,5,0,1,1,1,0
Mouse1,thal,thal,440,3.895326,40.159964249999994,36.26463825,2,20,18,1,6,5,2,5,0,1,1,1,0
Mouse1,thal,thal,441,13.570130249999998,66.91916024999999,53.34902999999999,5,16,11,1,5,4,2,5,0,1,1,1,0
Mouse1,thal,thal,442,7.43075775,49.834768499999996,42.40401075,4,14,10,2,8,6,2,3,0,1,1,1,0
Mouse1,thal,thal,443,7.028522999999999,48.88210725,41.85358425,1,2,1,2,9,7,2,1,1,0,1,1,0
Mouse1,thal,thal,444,2.0746844999999996,33.173781749999996,31.099097249999996,1,2,1,2,12,10,3,1,1,0,1,1,0
Mouse1,thal,thal,445,9.801825749999999,49.26317175,39.461346,3,7,4,0,0,0,0,2,0,1,0,1,0
Mouse1,thal,thal,446,7.663630499999999,54.111158999999994,46.4475285,3,6,3,0,4,4,2,2,0,1,1,1,0
Mouse1,thal,thal,447,13.73949225,69.6501225,55.91063025,2,2,0,0,0,0,0,1,0,1,0,1,0
Mouse1,thal,thal,448,22.313443499999998,84.72334049999999,62.409896999999994,9,15,6,0,2,2,1,3,0,1,1,1,0
Mouse1,thal,thal,449,7.1767147499999995,49.453703999999995,42.27698925,2,5,3,1,1,0,1,2,0,1,1,1,0
Mouse1,thal,thal,450,4.63628475,43.2296505,38.59336575,2,9,7,0,0,0,0,2,0,1,0,1,0
Mouse1,thal,thal,451,6.4569262499999995,39.291984,32.83505775,2,9,7,0,1,1,1,2,0,1,1,1,0
Mouse1,thal,thal,452,13.633640999999999,60.292871999999996,46.659231,2,5,3,1,2,1,1,2,0,1,1,1,0
Mouse1,thal,thal,453,8.15054625,52.608071249999995,44.457525,2,11,9,1,3,2,1,3,0,1,1,1,0
Mouse1,thal,thal,454,67.998843,161.69836949999998,93.69952649999999,7,12,5,5,9,4,2,3,0,1,1,1,0
Mouse1,thal,thal,455,3.217878,33.512505749999995,30.294627749999997,2,2,0,0,1,1,1,1,0,1,1,1,0
Mouse1,thal,thal,456,38.720387249999995,124.03649474999999,85.31610749999999,7,13,6,2,8,6,2,3,0,1,1,1,0
Mouse1,thal,thal,457,5.546605499999999,40.710390749999995,35.16378525,2,3,1,0,2,2,1,1,0,1,1,1,0
Mouse1,thal,thal,458,5.0596897499999995,36.243468,31.183778249999996,3,7,4,1,4,3,2,2,0,1,1,1,0
Mouse1,thal,thal,459,6.37224525,47.31550874999999,40.94326349999999,2,13,11,2,5,3,2,3,0,1,1,1,0
Mouse1,thal,thal,460,7.04969325,37.25964,30.209946749999997,4,6,2,1,1,0,1,2,0,1,1,1,0
Mouse1,thal,thal,461,18.460458,74.4769395,56.0164815,6,19,13,0,3,3,1,5,0,1,1,1,0
Mouse1,thal,thal,462,36.30697875,127.67777774999999,91.37079899999999,14,21,7,0,1,1,1,5,0,1,1,1,0
Mouse1,thal,thal,463,7.43075775,50.32168425,42.8909265,3,12,9,0,6,6,2,3,0,1,1,1,0
Mouse1,thal,thal,464,35.8624035,106.88859224999999,71.02618874999999,12,27,15,11,18,7,5,5,0,1,1,1,0
Mouse1,thal,thal,465,6.245223749999999,46.72274175,40.477517999999996,1,14,13,1,6,5,2,3,0,1,1,1,0
Mouse1,thal,thal,466,18.672160499999997,76.42460249999999,57.752441999999995,8,11,3,0,3,3,1,3,0,1,1,1,0
Mouse1,thal,thal,467,4.00117725,40.22347499999999,36.222297749999996,2,13,11,1,5,4,2,3,0,1,1,1,0
Mouse1,thal,thal,468,14.120556749999999,68.31639675,54.19584,8,22,14,0,3,3,1,5,0,1,1,1,0
Mouse1,thal,thal,469,123.86713274999998,243.39436424999997,119.52723149999998,14,30,16,15,20,5,5,5,0,1,1,1,0
Mouse1,thal,thal,470,25.531321499999997,92.49282224999999,66.96150075,12,20,8,2,5,3,2,5,0,1,1,1,0
Mouse1,thal,thal,471,37.15378875,90.439308,53.28551924999999,14,27,13,4,7,3,2,5,0,1,1,1,0
Mouse1,thal,thal,472,51.316686,133.22438325,81.90769725,16,41,25,10,17,7,5,5,0,1,1,1,0
Mouse1,thal,thal,473,7.261395749999999,39.14379225,31.8823965,3,11,8,2,3,1,1,3,0,1,1,1,0
Mouse1,thal,thal,474,28.135262249999997,100.21996349999999,72.08470125,10,18,8,2,5,3,2,5,0,1,1,1,0
Mouse1,thal,thal,475,80.51046075,182.29702275,101.78656199999999,5,27,22,1,5,4,2,5,0,1,1,1,0
Mouse1,thal,thal,476,12.34225575,50.36402475,38.021769,8,16,8,0,1,1,1,5,0,1,1,1,0
Mouse1,thal,thal,477,9.42076125,66.60160649999999,57.18084525,4,8,4,1,3,2,1,2,0,1,1,1,0
Mouse1,thal,thal,478,13.337257499999998,63.74362274999999,50.40636524999999,3,6,3,0,2,2,1,2,0,1,1,1,0
Mouse1,thal,thal,479,9.568952999999999,58.28169825,48.71274525,7,20,13,2,10,8,3,5,0,1,1,1,0
Mouse1,thal,thal,480,56.3552055,142.094718,85.73951249999999,14,33,19,7,16,9,5,5,0,1,1,1,0
Mouse1,thal,thal,481,143.30142224999997,275.82718724999995,132.52576499999998,15,45,30,2,8,6,2,5,0,1,1,1,0
Mouse1,thal,thal,482,13.654811249999998,64.69628399999999,51.04147275,11,24,13,0,7,7,2,5,0,1,1,1,0
Mouse1,thal,thal,483,21.932378999999997,84.44812725,62.515748249999994,11,24,13,1,4,3,2,5,0,1,1,1,0
Mouse1,thal,thal,484,22.779189,76.2552405,53.4760515,11,21,10,0,1,1,1,5,0,1,1,1,0
Mouse1,thal,thal,485,11.9823615,69.7348035,57.752441999999995,8,18,10,3,5,2,2,5,0,1,1,1,0
Mouse1,thal,thal,486,15.835346999999999,64.80213524999999,48.96678824999999,6,16,10,1,3,2,1,5,0,1,1,1,0
Mouse1,thal,thal,487,35.142615,105.99944174999999,70.85682675,15,32,17,13,27,14,5,5,0,1,1,1,0
Mouse1,thal,thal,488,15.390771749999999,66.60160649999999,51.21083475,7,13,6,1,3,2,1,3,0,1,1,1,0
Mouse1,thal,thal,489,31.903566749999996,100.77038999999999,68.86682325,14,37,23,8,17,9,5,5,0,1,1,1,0
Mouse1,thal,thal,490,6.7321395,42.848586,36.116446499999995,3,11,8,2,2,0,1,3,0,1,1,1,0
Mouse1,thal,thal,491,3.4930912499999995,38.360493,34.86740175,1,12,11,1,7,6,2,3,0,1,1,1,0
Mouse1,thal,thal,492,20.81035575,81.61131375,60.800957999999994,6,20,14,2,6,4,2,5,0,1,1,1,0
Mouse1,thal,thal,493,10.521614249999999,45.1773135,34.65569925,8,16,8,1,3,2,1,5,0,1,1,1,0
Mouse1,thal,thal,494,33.59718675,104.77156724999999,71.1743805,11,31,20,6,18,12,5,5,0,1,1,1,0
Mouse1,thal,thal,495,4.00117725,40.054112999999994,36.052935749999996,2,8,6,1,7,6,2,2,0,1,1,1,0
Mouse1,thal,thal,496,8.446929749999999,46.89210375,38.445173999999994,3,3,0,1,1,0,1,1,0,1,1,1,0
Mouse1,thal,thal,497,16.3010925,62.727450749999996,46.42635824999999,5,21,16,0,3,3,1,5,0,1,1,1,0
Mouse1,thal,thal,498,5.61011625,45.050292,39.440175749999995,1,6,5,1,5,4,2,2,0,1,1,1,0
Mouse1,thal,thal,499,12.575128499999998,64.3999005,51.824771999999996,4,5,1,0,1,1,1,2,0,1,1,1,0
Mouse1,thal,thal,500,35.396657999999995,103.43784149999999,68.04118349999999,18,35,17,4,7,3,2,5,0,1,1,1,0
Mouse1,thal,thal,501,9.63246375,47.781254249999996,38.1487905,6,14,8,5,10,5,3,3,0,1,1,1,0
Mouse1,thal,thal,502,24.134085,86.39579024999999,62.26170524999999,15,37,22,11,15,4,3,5,0,1,1,1,0
Mouse1,thal,thal,503,24.832703249999998,95.45665724999999,70.623954,8,16,8,2,13,11,3,5,0,1,1,1,0
Mouse1,thal,thal,504,28.749199499999996,101.17262475,72.42342525,14,32,18,1,8,7,2,5,0,1,1,1,0
Mouse1,thal,thal,505,7.938843749999999,37.280810249999995,29.341966499999998,4,12,8,0,2,2,1,3,0,1,1,1,0
Mouse1,thal,thal,506,11.283743249999999,60.737447249999995,49.453703999999995,6,10,4,2,5,3,2,3,0,1,1,1,0
Mouse1,thal,thal,507,40.159964249999994,115.99179974999998,75.8318355,19,53,34,17,31,14,5,5,0,1,1,1,0
Mouse1,thal,thal,508,17.253753749999998,69.48076049999999,52.227006749999994,9,23,14,4,8,4,2,5,0,1,1,1,0
Mouse1,thal,thal,509,2.9426647499999996,36.772724249999996,33.8300595,1,6,5,0,4,4,2,2,0,1,1,1,0
Mouse1,thal,thal,510,9.611293499999999,62.177024249999995,52.56573074999999,9,15,6,1,5,4,2,3,0,1,1,1,0
Mouse1,thal,thal,511,7.367246999999999,33.93591075,26.56866375,4,10,6,1,1,0,1,3,0,1,1,1,0
Mouse1,thal,thal,512,11.74948875,62.09234324999999,50.342854499999994,4,20,16,0,2,2,1,5,0,1,1,1,0
Mouse1,thal,thal,513,25.76419425,92.0905875,66.32639325,19,36,17,10,20,10,5,5,0,1,1,1,0
Mouse1,thal,thal,514,15.009707249999998,57.4560585,42.44635125,9,21,12,1,5,4,2,5,0,1,1,1,0
Mouse1,thal,thal,515,10.966189499999999,58.366379249999994,47.400189749999996,4,12,8,0,4,4,2,3,0,1,1,1,0
Mouse1,thal,thal,516,15.348431249999999,75.11204699999999,59.76361574999999,5,12,7,1,3,2,1,3,0,1,1,1,0
Mouse1,thal,thal,517,20.4504615,87.62366474999999,67.17320325,11,34,23,3,19,16,5,5,0,1,1,1,0
Mouse1,thal,thal,518,8.489270249999999,57.371377499999994,48.88210725,3,4,1,1,3,2,1,2,0,1,1,1,0
Mouse1,thal,thal,519,5.229051749999999,44.796248999999996,39.56719725,7,9,2,2,9,7,2,2,0,0,1,1,0
Mouse1,thal,thal,520,13.718321999999999,67.30022475,53.58190275,4,10,6,3,8,5,2,3,0,1,1,1,0
Mouse1,thal,thal,521,54.089988749999996,140.54928974999999,86.459301,33,72,39,14,31,17,5,5,0,1,1,1,0
Mouse1,thal,thal,522,26.1240885,89.59249799999999,63.46840949999999,13,36,23,7,25,18,5,5,0,1,1,1,0
Mouse1,thal,thal,523,8.891504999999999,56.22818399999999,47.336679,4,5,1,0,3,3,1,2,0,1,1,1,0
Mouse1,thal,thal,524,8.044694999999999,57.858293249999996,49.81359825,5,9,4,3,6,3,2,2,0,1,1,1,0
Mouse1,thal,thal,525,17.084391749999998,85.40078849999999,68.31639675,8,20,12,5,7,2,2,5,0,1,1,1,0
Mouse1,thal,thal,526,10.098209249999998,66.982671,56.88446174999999,4,20,16,2,10,8,3,5,0,1,1,1,0
Mouse1,thal,thal,527,144.35993474999998,248.79277799999997,104.43284324999999,8,13,5,4,8,4,2,3,0,1,1,1,0
Mouse1,thal,thal,528,27.055579499999997,104.89858874999999,77.84300925,25,44,19,4,12,8,3,5,0,1,1,1,0
Mouse1,thal,thal,529,23.60482875,87.05206799999999,63.447239249999996,11,25,14,3,12,9,3,5,0,1,1,1,0
Mouse1,thal,thal,530,7.917673499999999,56.693929499999996,48.776256,5,13,8,0,0,0,0,3,0,1,0,1,0
Mouse1,thal,thal,531,17.952371999999997,78.41460599999999,60.462233999999995,7,23,16,3,13,10,3,5,0,1,1,1,0
Mouse1,thal,thal,532,5.186711249999999,44.034119999999994,38.84740875,4,13,9,0,6,6,2,3,0,1,1,1,0
Mouse1,thal,thal,533,7.13437425,52.946795249999994,45.81242099999999,5,16,11,3,4,1,2,5,0,1,1,1,0
Mouse1,thal,thal,534,2.9638349999999996,31.247289,28.283454,1,8,7,1,10,9,3,2,1,0,1,1,0
Mouse1,thal,thal,535,5.69479725,40.39283699999999,34.69803975,6,10,4,1,3,2,1,3,0,1,1,1,0
Mouse1,thal,thal,536,9.907677,68.99384475,59.086167749999994,6,20,14,5,11,6,3,5,0,1,1,1,0
Mouse1,thal,thal,537,32.49633375,91.37079899999999,58.87446524999999,16,24,8,5,12,7,3,5,0,1,1,1,0
Mouse1,thal,thal,538,126.11117924999999,218.68868249999997,92.57750324999999,37,50,13,40,59,19,5,5,1,0,1,1,0
Mouse1,thal,thal,539,13.23140625,78.56279774999999,65.3313915,6,9,3,1,2,1,1,2,0,1,1,1,0
Mouse1,thal,thal,540,5.6312865,45.029121749999995,39.39783525,4,20,16,2,14,12,3,5,0,1,1,1,0
Mouse1,thal,thal,541,13.760662499999999,72.78331949999999,59.022656999999995,2,2,0,1,1,0,1,1,0,1,1,1,0
Mouse1,thal,thal,542,6.351075,55.06382024999999,48.71274525,4,13,9,1,6,5,2,3,0,1,1,1,0
Mouse1,thal,thal,543,33.9994215,86.20525799999999,52.2058365,12,33,21,14,19,5,5,5,0,1,1,1,0
Mouse1,thal,thal,544,32.094099,100.70687924999999,68.61278025,11,32,21,13,29,16,5,5,0,1,1,1,0
Mouse1,thal,thal,545,14.607472499999998,57.1173345,42.509862,8,15,7,4,8,4,2,3,0,1,1,1,0
Mouse1,thal,thal,546,12.215234249999998,65.98766925,53.772434999999994,4,4,0,1,1,0,1,2,0,1,1,1,0
Mouse1,thal,thal,547,106.23231449999999,230.22646874999998,123.99415425,3,13,10,1,6,5,2,3,0,1,1,1,0
Mouse1,thal,thal,548,16.512794999999997,73.69364024999999,57.18084525,9,22,13,5,12,7,3,5,0,1,1,1,0
Mouse1,thal,thal,549,28.17760275,107.18497574999999,79.00737299999999,7,17,10,3,5,2,2,5,0,1,1,1,0
Mouse1,thal,thal,550,41.4513495,121.28436224999999,79.83301275,17,29,12,8,16,8,5,5,0,1,1,1,0
Mouse1,thal,thal,551,25.827704999999998,90.26994599999999,64.442241,7,7,0,2,3,1,1,2,0,1,1,1,0
Mouse1,thal,thal,552,12.363425999999999,67.76597025,55.40254425,2,2,0,1,3,2,1,1,1,0,1,1,0
Mouse1,thal,thal,553,33.63952725,103.41667125,69.77714399999999,13,30,17,11,20,9,5,5,0,1,1,1,0
Mouse1,thal,thal,554,5.229051749999999,44.076460499999996,38.84740875,4,12,8,0,7,7,2,3,0,1,1,1,0
Mouse1,thal,thal,555,8.02352475,37.661874749999996,29.63835,6,13,7,4,6,2,2,3,0,1,1,1,0
Mouse1,thal,thal,556,6.097032,50.53338675,44.43635474999999,6,18,12,1,3,2,1,5,0,1,1,1,0
Mouse1,thal,thal,557,6.0546915,52.84094399999999,46.786252499999996,2,11,9,2,5,3,2,3,0,1,1,1,0
Mouse1,thal,thal,558,15.877687499999999,44.01294975,28.135262249999997,6,7,1,1,4,3,2,2,0,1,1,1,0
Mouse1,thal,thal,559,9.928847249999999,57.60425024999999,47.675402999999996,4,12,8,3,8,5,2,3,0,1,1,1,0
Mouse1,thal,thal,560,8.044694999999999,52.756263,44.71156799999999,3,10,7,2,5,3,2,3,0,1,1,1,0
Mouse1,thal,thal,561,14.565131999999998,52.73509274999999,38.169960749999994,2,3,1,0,0,0,0,1,0,1,0,1,0
Mouse1,thal,thal,562,6.181712999999999,50.2581735,44.076460499999996,1,2,1,0,0,0,0,1,0,1,0,1,0
Mouse1,thal,thal,563,22.567486499999998,85.10440499999999,62.53691849999999,1,1,0,1,1,0,1,1,0,0,1,1,0
Mouse1,thal,thal,564,14.162897249999999,74.01119399999999,59.848296749999996,2,5,3,0,2,2,1,2,0,1,1,1,0
Mouse1,thal,thal,565,8.15054625,55.656587249999994,47.506040999999996,2,6,4,0,0,0,0,2,0,1,0,1,0
Mouse1,thal,thal,566,27.246111749999997,91.83654449999999,64.59043274999999,8,15,7,5,12,7,3,3,0,1,1,1,0
Mouse1,thal,thal,567,30.633351749999996,99.60602624999999,68.9726745,5,17,12,9,16,7,5,5,0,1,1,1,0
Mouse1,thal,thal,568,4.33990125,41.324327999999994,36.98442675,1,3,2,0,0,0,0,1,0,1,0,1,0
Mouse1,thal,thal,569,24.02823375,88.30111274999999,64.27287899999999,8,12,4,0,0,0,0,3,0,1,0,1,0
Mouse1,thal,thal,570,10.077039,60.37755299999999,50.30051399999999,2,4,2,0,1,1,1,2,0,1,1,1,0
Mouse1,thal,thal,571,10.648635749999999,42.8909265,32.242290749999995,1,1,0,1,1,0,1,1,0,0,1,1,0
Mouse1,thal,thal,572,6.75330975,56.249354249999996,49.496044499999996,3,6,3,1,2,1,1,2,0,1,1,1,0
Mouse1,thal,thal,573,7.303736249999999,55.635417,48.33168075,1,8,7,1,2,1,1,2,0,1,1,1,0
Mouse1,thal,thal,574,13.82417325,54.153499499999995,40.329326249999994,1,1,0,1,2,1,1,1,1,0,1,1,0
Mouse1,thal,thal,575,15.708325499999999,64.2305385,48.522212999999994,3,5,2,1,2,1,1,2,0,1,1,1,0
Mouse1,thal,thal,576,10.18289025,48.225829499999996,38.042939249999996,3,5,2,1,2,1,1,2,0,1,1,1,0
Mouse1,thal,thal,577,26.060577749999997,86.69217375,60.631595999999995,8,19,11,6,10,4,3,5,0,1,1,1,0
Mouse1,thal,thal,578,33.55484625,114.78509549999998,81.23024924999999,19,38,19,1,6,5,2,5,0,1,1,1,0
Mouse1,thal,thal,579,8.70097275,60.61042575,51.90945299999999,4,9,5,2,3,1,1,2,0,1,1,1,0
Mouse1,thal,thal,580,4.805646749999999,43.18731,38.381663249999995,2,3,1,0,1,1,1,1,0,1,1,1,0
Mouse1,thal,thal,581,7.007352749999999,46.193485499999994,39.18613275,3,14,11,0,5,5,2,3,0,1,1,1,0
Mouse1,thal,thal,582,33.04676025,82.58514525,49.538385,11,29,18,9,18,9,5,5,0,1,1,1,0
Mouse1,thal,thal,583,14.141727,50.15232225,36.010595249999994,3,3,0,2,2,0,1,1,0,1,1,1,0
Mouse1,thal,thal,584,10.94501925,69.35373899999999,58.408719749999996,4,14,10,0,4,4,2,3,0,1,1,1,0
Mouse1,thal,thal,585,38.12762025,111.67306874999998,73.54544849999999,9,29,20,2,9,7,2,5,0,1,1,1,0
Mouse1,thal,thal,586,36.772724249999996,110.3816835,73.60895925,11,21,10,5,9,4,2,5,0,1,1,1,0
Mouse1,thal,thal,587,14.50162125,82.33110224999999,67.82948099999999,6,20,14,1,1,0,1,5,0,1,1,1,0
Mouse1,thal,thal,588,44.139971249999995,105.99944174999999,61.85947049999999,18,36,18,15,24,9,5,5,0,1,1,1,0
Mouse1,thal,thal,589,19.28609775,54.28052099999999,34.99442325,10,16,6,1,2,1,1,5,0,1,1,1,0
Mouse1,thal,thal,590,5.821818749999999,49.05146925,43.2296505,1,7,6,0,0,0,0,2,0,1,0,1,0
Mouse1,thal,thal,591,125.49724199999999,245.91362399999997,120.41638199999998,4,24,20,2,3,1,1,5,0,1,1,1,0
Mouse1,thal,thal,592,18.65099025,72.02119049999999,53.370200249999996,7,23,16,1,13,12,3,5,0,1,1,1,0
Mouse1,thal,thal,593,7.705970999999999,41.7900735,34.0841025,3,5,2,0,0,0,0,2,0,1,0,1,0
Mouse1,thal,thal,594,12.913852499999999,53.58190275,40.66805024999999,5,7,2,1,2,1,1,2,0,1,1,1,0
Mouse1,thal,thal,595,16.766838,71.28023175,54.51339374999999,7,25,18,5,11,6,3,5,0,1,1,1,0
Mouse1,thal,thal,596,18.26992575,80.40460949999999,62.13468374999999,8,23,15,1,2,1,1,5,0,1,1,1,0
Mouse1,thal,thal,597,15.5389635,72.2752335,56.73627,13,29,16,3,9,6,2,5,0,1,1,1,0
Mouse1,thal,thal,598,13.993535249999999,78.583968,64.59043274999999,9,27,18,4,8,4,2,5,0,1,1,1,0
Mouse1,thal,thal,599,17.783009999999997,55.974140999999996,38.191131,5,7,2,1,1,0,1,2,0,1,1,1,0
Mouse1,thal,thal,600,30.336968249999998,97.27729874999999,66.94033049999999,13,35,22,6,12,6,3,5,0,1,1,1,0
Mouse1,thal,thal,601,12.532787999999998,70.68746474999999,58.15467674999999,5,17,12,1,5,4,2,5,0,1,1,1,0
Mouse1,thal,thal,602,17.93120175,88.89387975,70.962678,13,29,16,1,7,6,2,5,0,1,1,1,0
Mouse1,thal,thal,603,13.654811249999998,58.133506499999996,44.478695249999994,11,22,11,0,8,8,2,5,0,1,1,1,0
Mouse1,thal,thal,604,11.07204075,55.44488474999999,44.37284399999999,3,15,12,8,16,8,5,3,1,0,1,1,0
Mouse1,thal,thal,605,6.03352125,47.506040999999996,41.47251975,5,10,5,2,5,3,2,3,0,1,1,1,0
Mouse1,thal,thal,606,9.42076125,55.296693,45.87593174999999,9,15,6,3,9,6,2,3,0,1,1,1,0
Mouse1,thal,thal,607,16.5551355,76.19172975,59.636594249999995,10,26,16,1,7,6,2,5,0,1,1,1,0
Mouse1,thal,thal,608,7.790652,53.96296725,46.17231525,8,19,11,1,7,6,2,5,0,1,1,1,0
Mouse1,thal,thal,609,9.145548,66.83447924999999,57.688931249999996,3,8,5,0,5,5,2,2,0,1,1,1,0
Mouse1,thal,thal,610,57.49839899999999,166.33465424999997,108.83625525,22,63,41,12,31,19,5,5,0,1,1,1,0
Mouse1,thal,thal,611,3.2390482499999997,42.7215645,39.482516249999996,2,8,6,0,3,3,1,2,0,1,1,1,0
Mouse1,thal,thal,612,21.9747195,88.68217725,66.70745774999999,10,26,16,7,12,5,3,5,0,1,1,1,0
Mouse1,thal,thal,613,6.41458575,35.75655225,29.341966499999998,2,13,11,1,8,7,2,3,0,1,1,1,0
Mouse1,thal,thal,614,6.160542749999999,46.42635824999999,40.265815499999995,2,20,18,0,11,11,3,5,0,1,1,1,0
Mouse1,thal,thal,615,6.266393999999999,47.336679,41.070285,5,19,14,1,11,10,3,5,0,1,1,1,0
Mouse1,thal,thal,616,6.32990475,52.057644749999994,45.72774,4,13,9,3,7,4,2,3,0,1,1,1,0
Mouse1,thal,thal,617,14.332259249999998,64.67511375,50.342854499999994,7,19,12,2,7,5,2,5,0,1,1,1,0
Mouse1,thal,thal,618,10.690976249999999,67.02501149999999,56.33403524999999,6,17,11,1,10,9,3,5,0,1,1,1,0
Mouse1,thal,thal,619,13.400768249999999,74.92151475,61.520746499999994,3,4,1,3,3,0,1,2,0,1,1,1,0
Mouse1,thal,thal,620,4.445752499999999,41.34549825,36.899745749999994,2,7,5,1,2,1,1,2,0,1,1,1,0
Mouse1,thal,thal,621,10.18289025,55.02147975,44.8385895,6,17,11,2,5,3,2,5,0,1,1,1,0
Mouse1,thal,thal,622,12.29991525,75.281409,62.98149374999999,6,31,25,3,12,9,3,5,0,1,1,1,0
Mouse1,thal,thal,623,7.282565999999999,46.193485499999994,38.9109195,9,13,4,4,5,1,2,3,0,1,1,1,0
Mouse1,thal,thal,624,9.060867,51.3590265,42.2981595,4,9,5,2,6,4,2,2,0,1,1,1,0
Mouse1,thal,thal,625,2.2228762499999997,29.596009499999997,27.37313325,2,3,1,0,8,8,2,1,1,0,1,1,0
Mouse1,thal,thal,626,19.667162249999997,80.99737649999999,61.33021425,7,17,10,3,7,4,2,5,0,1,1,1,0
Mouse1,thal,thal,627,1.16436375,18.142904249999997,16.978540499999998,0,0,0,0,0,0,0,0,0,0,0,0,1
Mouse1,thal,thal,628,10.0346985,55.466055,45.43135649999999,9,20,11,1,3,2,1,5,0,1,1,1,0
Mouse1,thal,thal,629,40.371666749999996,114.93328724999999,74.56162049999999,25,57,32,17,22,5,5,5,0,1,1,1,0
Mouse1,thal,thal,630,8.764483499999999,54.873287999999995,46.1088045,3,20,17,5,19,14,5,5,0,1,1,1,0
Mouse1,thal,thal,631,8.78565375,60.695106749999994,51.90945299999999,8,19,11,0,9,9,2,5,0,1,1,1,0
Mouse1,thal,thal,632,12.363425999999999,61.012660499999996,48.6492345,4,15,11,3,7,4,2,3,0,1,1,1,0
Mouse1,thal,thal,633,35.96825475,88.74568799999999,52.777433249999994,16,25,9,3,5,2,2,5,0,1,1,1,0
Mouse1,thal,thal,634,25.425470249999996,76.27641075,50.85094049999999,17,29,12,2,4,2,2,5,0,1,1,1,0
Mouse1,thal,thal,635,7.684800749999999,54.153499499999995,46.468698749999994,8,28,20,3,9,6,2,5,0,1,1,1,0
Mouse1,thal,thal,636,20.217588749999997,69.523101,49.30551224999999,14,36,22,1,6,5,2,5,0,1,1,1,0
Mouse1,thal,thal,637,6.435756,49.369023,42.933266999999994,4,11,7,3,6,3,2,3,0,1,1,1,0
Mouse1,thal,thal,638,31.077927,84.08823299999999,53.01030599999999,17,26,9,0,5,5,2,5,0,1,1,1,0
Mouse1,thal,thal,639,81.124398,181.87361775,100.74921975,39,81,42,32,48,16,5,5,0,1,1,1,0
Mouse1,thal,thal,640,3.3448995,38.042939249999996,34.69803975,4,18,14,2,8,6,2,5,0,1,1,1,0
Mouse1,thal,thal,641,28.55866725,84.5539785,55.99531124999999,11,21,10,4,12,8,3,5,0,1,1,1,0
Mouse1,thal,thal,642,23.266104749999997,52.989135749999996,29.723031,12,16,4,3,3,0,1,5,0,1,1,1,0
Mouse1,thal,thal,643,33.343143749999996,109.23848999999998,75.89534624999999,17,35,18,3,13,10,3,5,0,1,1,1,0
Mouse1,thal,thal,644,20.238758999999998,58.091165999999994,37.852407,14,20,6,2,7,5,2,5,0,1,1,1,0
Mouse1,thal,thal,645,15.157898999999999,49.940619749999996,34.782720749999996,11,28,17,3,7,4,2,5,0,1,1,1,0
Mouse1,thal,thal,646,36.68804325,110.31817274999999,73.6301295,12,31,19,18,29,11,5,5,0,1,1,1,0
Mouse1,thal,thal,647,32.453993249999996,100.89741149999999,68.44341825,19,52,33,11,22,11,5,5,0,1,1,1,0
Mouse1,thal,thal,648,9.293739749999999,63.553090499999996,54.259350749999996,8,26,18,1,10,9,3,5,0,1,1,1,0
Mouse1,thal,thal,649,6.562777499999999,39.546026999999995,32.9832495,3,8,5,1,6,5,2,2,0,1,1,1,0
Mouse1,thal,thal,650,16.9362,62.36755649999999,45.43135649999999,6,28,22,3,8,5,2,5,0,1,1,1,0
Mouse1,thal,thal,651,2.7944729999999995,37.02676725,34.232294249999995,3,17,14,0,11,11,3,5,0,1,1,1,0
Mouse1,thal,thal,652,8.82799425,49.792427999999994,40.96443375,7,20,13,2,12,10,3,5,0,1,1,1,0
Mouse1,thal,thal,653,22.207592249999998,82.45812375,60.250531499999994,15,27,12,0,5,5,2,5,0,1,1,1,0
Mouse1,thal,thal,654,3.1120267499999996,37.36549125,34.2534645,2,14,12,0,6,6,2,3,0,1,1,1,0
Mouse1,thal,thal,655,27.8177085,95.90123249999999,68.083524,12,35,23,16,35,19,5,5,0,0,1,1,0
Mouse1,thal,thal,656,32.962079249999995,92.91622724999999,59.954147999999996,16,30,14,11,21,10,5,5,0,1,1,1,0
Mouse1,thal,thal,657,29.99824425,93.29729174999999,63.29904749999999,16,31,15,4,11,7,3,5,0,1,1,1,0
Mouse1,thal,thal,658,8.806823999999999,53.89945649999999,45.09263249999999,5,16,11,3,10,7,3,5,0,1,1,1,0
Mouse1,thal,thal,659,22.122911249999998,110.08529999999999,87.96238874999999,9,34,25,4,13,9,3,5,0,1,1,1,0
Mouse1,thal,thal,660,2.7097919999999998,35.629530749999994,32.91973875,3,25,22,1,7,6,2,5,0,1,1,1,0
Mouse1,thal,thal,661,35.015593499999994,111.63072824999999,76.61513475,13,37,24,5,10,5,3,5,0,1,1,1,0
Mouse1,thal,thal,662,15.920027999999999,63.849473999999994,47.929446,6,10,4,1,6,5,2,3,0,1,1,1,0
Mouse1,thal,thal,663,37.70421525,126.66160574999999,88.95739049999999,13,22,9,3,11,8,3,5,0,1,1,1,0
Mouse1,thal,thal,664,9.209058749999999,65.4160725,56.207013749999994,2,11,9,1,6,5,2,3,0,1,1,1,0
Mouse1,thal,thal,665,17.4019455,83.66482799999999,66.26288249999999,1,13,12,0,6,6,2,3,0,1,1,1,0
Mouse1,thal,thal,666,6.160542749999999,50.279343749999995,44.118801,5,11,6,0,8,8,2,3,0,1,1,1,0
Mouse1,thal,thal,667,6.41458575,47.5483815,41.13379575,2,6,4,0,4,4,2,2,0,1,1,1,0
Mouse1,thal,thal,668,5.61011625,35.41782825,29.807712,3,8,5,1,2,1,1,2,0,1,1,1,0
Mouse1,thal,thal,669,15.475452749999999,64.3152195,48.839766749999995,4,6,2,0,4,4,2,2,0,1,1,1,0
Mouse1,thal,thal,670,4.657455,43.29316125,38.63570625,1,2,1,1,3,2,1,1,1,0,1,1,0
Mouse1,thal,thal,671,27.711857249999998,110.55104549999999,82.83918824999999,6,20,14,2,2,0,1,5,0,1,1,1,0
Mouse1,thal,thal,672,34.062932249999996,104.6233755,70.56044324999999,8,14,6,4,9,5,2,3,0,1,1,1,0
Mouse1,thal,thal,673,16.9362,76.043538,59.10733799999999,5,9,4,1,2,1,1,2,0,1,1,1,0
Mouse1,thal,thal,674,3.6624532499999995,39.18613275,35.5236795,2,4,2,0,1,1,1,2,0,1,1,1,0
Mouse1,thal,thal,675,13.400768249999999,63.48957975,50.0888115,6,17,11,1,5,4,2,5,0,1,1,1,0
Mouse1,thal,thal,676,8.3410785,50.342854499999994,42.001776,4,12,8,0,1,1,1,3,0,1,1,1,0
Mouse1,thal,thal,677,28.516326749999998,93.93239924999999,65.4160725,5,20,15,7,22,15,5,5,1,0,1,1,0
Mouse1,thal,thal,678,4.97500875,41.218476749999994,36.243468,2,4,2,1,2,1,1,2,0,1,1,1,0
Mouse1,thal,thal,679,27.944729999999996,81.52663274999999,53.58190275,8,17,9,0,1,1,1,5,0,1,1,1,0
Mouse1,thal,thal,680,20.048226749999998,87.898878,67.85065125,8,11,3,0,1,1,1,3,0,1,1,1,0
Mouse1,thal,thal,681,9.124377749999999,59.82712649999999,50.70274875,4,9,5,0,1,1,1,2,0,1,1,1,0
Mouse1,thal,thal,682,13.4219385,72.44459549999999,59.022656999999995,6,9,3,0,0,0,0,2,0,1,0,1,0
Mouse1,thal,thal,683,16.49162475,70.60278375,54.111158999999994,4,7,3,1,3,2,1,2,0,1,1,1,0
Mouse1,thal,thal,684,6.922671749999999,39.18613275,32.263461,6,11,5,2,4,2,2,3,0,1,1,1,0
Mouse1,thal,thal,685,25.616002499999997,89.677179,64.06117649999999,11,47,36,10,24,14,5,5,0,1,1,1,0
Mouse1,thal,thal,686,12.7444905,62.790961499999995,50.046471,2,3,1,0,2,2,1,1,0,1,1,1,0
Mouse1,thal,thal,687,56.05882199999999,145.07972325,89.02090125,25,34,9,15,21,6,5,5,0,1,1,1,0
Mouse1,thal,thal,688,10.18289025,47.27316825,37.090278,5,12,7,1,3,2,1,3,0,1,1,1,0
Mouse1,thal,thal,689,9.1032075,54.809777249999996,45.70656974999999,5,13,8,0,3,3,1,3,0,1,1,1,0
Mouse1,thal,thal,690,9.50544225,54.51339374999999,45.0079515,4,11,7,1,2,1,1,3,0,1,1,1,0
Mouse1,thal,thal,691,16.237581749999997,70.36991099999999,54.13232925,10,20,10,4,7,3,2,5,0,1,1,1,0
Mouse1,thal,thal,692,7.388417249999999,50.36402475,42.975607499999995,5,20,15,1,14,13,3,5,0,1,1,1,0
Mouse1,thal,thal,693,10.606295249999999,51.888282749999995,41.2819875,5,9,4,2,8,6,2,2,0,1,1,1,0
Mouse1,thal,thal,694,40.3504965,115.44137324999998,75.09087674999999,19,43,24,9,18,9,5,5,0,1,1,1,0
Mouse1,thal,thal,695,18.142904249999997,75.620133,57.477228749999995,11,30,19,3,8,5,2,5,0,1,1,1,0
Mouse1,thal,thal,696,37.005596999999995,114.61573349999999,77.6101365,14,29,15,1,11,10,3,5,0,1,1,1,0
Mouse1,thal,thal,697,12.490447499999998,62.452237499999995,49.96178999999999,5,16,11,4,14,10,3,5,0,1,1,1,0
Mouse1,thal,thal,698,12.278744999999999,57.032653499999995,44.753908499999994,3,17,14,3,5,2,2,5,0,1,1,1,0
Mouse1,thal,thal,699,14.247578249999998,61.626597749999995,47.3790195,7,19,12,0,2,2,1,5,0,1,1,1,0
Mouse1,thal,thal,700,11.283743249999999,59.975318249999994,48.69157499999999,8,27,19,0,9,9,2,5,0,1,1,1,0
Mouse1,thal,thal,701,31.670693999999997,106.86742199999999,75.196728,12,25,13,1,4,3,2,5,0,1,1,1,0
Mouse1,thal,thal,702,21.741846749999997,77.483115,55.74126825,10,17,7,0,0,0,0,5,0,1,0,1,0
Mouse1,thal,thal,703,18.18524475,75.34491974999999,57.15967499999999,9,22,13,1,7,6,2,5,0,1,1,1,0
Mouse1,thal,thal,704,12.448106999999998,51.97296375,39.52485675,6,18,12,3,9,6,2,5,0,1,1,1,0
Mouse1,thal,thal,705,8.298737999999998,52.544560499999996,44.245822499999996,4,8,4,1,2,1,1,2,0,1,1,1,0
Mouse1,thal,thal,706,13.654811249999998,58.853294999999996,45.198483749999994,7,16,9,2,11,9,3,5,0,1,1,1,0
Mouse1,thal,thal,707,13.14672525,49.47487424999999,36.328148999999996,6,12,6,1,5,4,2,3,0,1,1,1,0
Mouse1,thal,thal,708,32.686865999999995,129.81597299999999,97.12910699999999,12,47,35,3,13,10,3,5,0,1,1,1,0
Mouse1,thal,thal,709,8.806823999999999,63.764793,54.957969,3,13,10,2,9,7,2,3,0,1,1,1,0
Mouse1,thal,thal,710,32.771547,101.87124299999999,69.099696,14,40,26,10,23,13,5,5,0,1,1,1,0
Mouse1,thal,thal,711,5.906499749999999,50.554556999999996,44.648057249999994,4,8,4,0,2,2,1,2,0,1,1,1,0
Mouse1,thal,thal,712,18.396947249999997,94.35580424999999,75.958857,17,31,14,3,5,2,2,5,0,1,1,1,0
Mouse1,thal,thal,713,21.424293,90.41813774999999,68.99384475,10,28,18,4,10,6,3,5,0,1,1,1,0
Mouse1,thal,thal,714,10.585125,58.06999575,47.48487075,6,19,13,5,15,10,3,5,0,1,1,1,0
Mouse1,thal,thal,715,20.048226749999998,81.08205749999999,61.03383074999999,10,30,20,4,15,11,3,5,0,1,1,1,0
Mouse1,thal,thal,716,16.83034875,78.245244,61.414895249999994,5,8,3,1,1,0,1,2,0,1,1,1,0
Mouse1,thal,thal,717,8.531610749999999,43.84358775,35.311977,7,16,9,1,8,7,2,5,0,1,1,1,0
Mouse1,thal,thal,718,8.658632249999998,44.584546499999995,35.92591425,5,6,1,1,5,4,2,2,0,1,1,1,0
Mouse1,thal,thal,719,30.739202999999996,98.94974849999998,68.2105455,14,39,25,10,29,19,5,5,0,1,1,1,0
Mouse1,thal,thal,720,12.257574749999998,54.64041525,42.38284049999999,8,17,9,1,6,5,2,5,0,1,1,1,0
Mouse1,thal,thal,721,11.199062249999999,53.497221749999994,42.2981595,7,11,4,2,3,1,1,3,0,1,1,1,0
Mouse1,thal,thal,722,20.3657805,78.838011,58.472230499999995,13,35,22,2,15,13,3,5,0,1,1,1,0
Mouse1,thal,thal,723,12.8291715,59.17084875,46.34167725,7,23,16,2,7,5,2,5,0,1,1,1,0
Mouse1,thal,thal,724,30.696862499999998,97.7642145,67.067352,15,32,17,6,19,13,5,5,0,1,1,1,0
Mouse1,thal,thal,725,29.384306999999996,96.85389375,67.46958674999999,5,16,11,10,26,16,5,5,1,0,1,1,0
Mouse1,thal,thal,726,11.728318499999999,43.27199099999999,31.543672499999996,11,22,11,4,6,2,2,5,0,1,1,1,0
Mouse1,thal,thal,727,32.8138875,101.76539174999999,68.95150425,19,52,33,9,26,17,5,5,0,1,1,1,0
Mouse1,thal,thal,728,13.083214499999999,68.2105455,55.127331,10,28,18,6,18,12,5,5,0,1,1,1,0
Mouse1,thal,thal,729,25.107916499999998,78.66864899999999,53.56073249999999,9,25,16,8,21,13,5,5,0,1,1,1,0
Mouse1,thal,thal,730,11.156721749999999,54.19584,43.039118249999994,6,22,16,3,8,5,2,5,0,1,1,1,0
Mouse1,thal,thal,731,10.585125,65.0773485,54.492223499999994,3,19,16,2,8,6,2,5,0,1,1,1,0
Mouse1,thal,thal,732,13.040873999999999,57.921803999999995,44.88093,5,16,11,2,9,7,2,5,0,1,1,1,0
Mouse1,thal,thal,733,7.557779249999999,50.787429749999994,43.2296505,8,17,9,1,12,11,3,5,0,1,1,1,0
Mouse1,thal,thal,734,7.4095875,51.380196749999996,43.970609249999995,2,16,14,2,10,8,3,5,0,1,1,1,0
Mouse1,thal,thal,735,8.849164499999999,26.526323249999997,17.677158749999997,5,5,0,3,4,1,2,2,0,1,1,1,0
Mouse1,thal,thal,736,50.067641249999994,156.23644499999997,106.16880375,25,55,30,5,13,8,3,5,0,1,1,1,0
Mouse1,thal,thal,737,12.935022749999998,69.861825,56.926802249999994,6,27,21,2,18,16,5,5,0,1,1,1,0
Mouse1,thal,thal,738,16.258751999999998,76.805667,60.54691499999999,8,26,18,4,9,5,2,5,0,1,1,1,0
Mouse1,thal,thal,739,16.872689249999997,73.56661874999999,56.693929499999996,5,7,2,0,0,0,0,2,0,1,0,1,0
Mouse1,thal,thal,740,17.888861249999998,77.50428525,59.615424,7,13,6,0,3,3,1,3,0,1,1,1,0
Mouse1,thal,thal,741,16.004709,88.63983674999999,72.63512775,9,27,18,2,11,9,3,5,0,1,1,1,0
Mouse1,thal,thal,742,7.727141249999999,51.97296375,44.245822499999996,2,11,9,1,7,6,2,3,0,1,1,1,0
Mouse1,thal,thal,743,31.33197,100.21996349999999,68.8879935,14,25,11,3,11,8,3,5,0,1,1,1,0
Mouse1,thal,thal,744,15.644814749999998,69.43842,53.79360524999999,12,33,21,1,15,14,3,5,0,1,1,1,0
Mouse1,thal,thal,745,7.028522999999999,49.623065999999994,42.594542999999994,3,19,16,1,9,8,2,5,0,1,1,1,0
Mouse1,thal,thal,746,4.784476499999999,42.57337275,37.78889624999999,2,21,19,1,14,13,3,5,0,1,1,1,0
Mouse1,thal,thal,747,20.598653249999998,79.76950199999999,59.17084875,6,16,10,1,8,7,2,5,0,1,1,1,0
Mouse1,thal,thal,748,28.17760275,93.82654799999999,65.64894525,14,36,22,1,7,6,2,5,0,1,1,1,0
Mouse1,thal,thal,749,14.311088999999999,66.49575524999999,52.18466624999999,5,16,11,0,6,6,2,5,0,1,1,1,0
Mouse1,thal,thal,750,24.451638749999997,101.59602974999999,77.144391,14,18,4,3,7,4,2,5,0,1,1,1,0
Mouse1,thal,thal,751,17.46545625,76.74215625,59.2767,12,29,17,4,17,13,5,5,0,1,1,1,0
Mouse1,thal,thal,752,10.331081999999999,57.66776099999999,47.336679,2,18,16,2,16,14,5,5,0,1,1,1,0
Mouse1,thal,thal,753,11.74948875,75.57779249999999,63.828303749999996,9,27,18,3,9,6,2,5,0,1,1,1,0
Mouse1,thal,thal,754,20.831525999999997,81.06088725,60.22936125,14,34,20,1,9,8,2,5,0,1,1,1,0
Mouse1,thal,thal,755,2.0323439999999997,33.00441975,30.97207575,1,12,11,1,8,7,2,3,0,1,1,1,0
Mouse1,thal,thal,756,7.282565999999999,55.91063025,48.628064249999994,9,26,17,1,4,3,2,5,0,1,1,1,0
Mouse1,thal,thal,757,10.86033825,46.997955,36.13761675,2,4,2,1,5,4,2,2,1,0,1,1,0
Mouse1,thal,thal,758,17.317264499999997,105.173802,87.85653749999999,11,45,34,9,21,12,5,5,0,1,1,1,0
Mouse1,thal,thal,759,3.0908564999999997,24.091744499999997,21.000888,2,9,7,1,6,5,2,2,0,1,1,1,0
Mouse1,thal,thal,760,12.8291715,62.19819449999999,49.369023,6,31,25,4,14,10,3,5,0,1,1,1,0
Mouse1,thal,thal,761,3.5142614999999995,25.488981,21.9747195,0,6,6,1,4,3,2,2,0,1,1,1,0
Mouse1,thal,thal,762,8.849164499999999,55.27552274999999,46.42635824999999,8,21,13,1,16,15,5,5,0,1,1,1,0
Mouse1,thal,thal,763,7.324906499999999,39.059111249999994,31.734204749999996,1,6,5,0,0,0,0,2,0,1,0,1,0
Mouse1,thal,thal,764,1.2067042499999998,23.964723,22.758018749999998,1,8,7,0,6,6,2,2,0,1,1,1,0
Mouse1,thal,thal,765,15.729495749999998,70.79331599999999,55.06382024999999,8,22,14,2,5,3,2,5,0,1,1,1,0
Mouse1,thal,thal,766,5.0596897499999995,44.965610999999996,39.90592125,2,11,9,1,2,1,1,3,0,1,1,1,0
Mouse1,thal,thal,767,4.466922749999999,41.409009,36.942086249999996,5,16,11,1,6,5,2,5,0,1,1,1,0
Mouse1,thal,thal,768,1.7994712499999999,24.9385545,23.13908325,2,8,6,1,4,3,2,2,0,1,1,1,0
Mouse1,thal,thal,769,3.8741557499999995,39.39783525,35.5236795,2,4,2,1,2,1,1,2,0,1,1,1,0
Mouse1,thal,thal,770,6.986182499999999,49.43253375,42.44635125,5,24,19,2,10,8,3,5,0,1,1,1,0
Mouse1,thal,thal,771,2.34989775,24.621000749999997,22.271102999999997,1,6,5,0,8,8,2,2,1,0,1,1,0
Mouse1,thal,thal,772,30.400478999999997,98.8650675,68.46458849999999,10,27,17,3,10,7,3,5,0,1,1,1,0
Mouse1,thal,thal,773,17.084391749999998,73.418427,56.33403524999999,0,2,2,0,1,1,1,1,0,1,1,1,0
Mouse1,thal,thal,774,38.614535999999994,112.26583575,73.65129974999999,17,36,19,14,23,9,5,5,0,1,1,1,0
Mouse1,thal,thal,775,10.5427845,44.923270499999994,34.380486,4,17,13,2,4,2,2,5,0,1,1,1,0
Mouse1,thal,thal,776,4.59394425,44.39401425,39.80007,4,18,14,3,14,11,3,5,0,1,1,1,0
Mouse1,thal,thal,777,4.657455,42.10762724999999,37.450172249999994,2,15,13,1,9,8,2,3,0,1,1,1,0
Mouse1,thal,thal,778,7.621289999999999,51.168494249999995,43.54720424999999,5,20,15,1,2,1,1,5,0,1,1,1,0
Mouse1,thal,thal,779,0.9738315,28.09292175,27.11909025,1,6,5,0,8,8,2,2,1,0,1,1,0
Mouse1,thal,thal,780,10.055868749999998,24.388128,14.332259249999998,2,3,1,1,2,1,1,1,0,1,1,1,0
Mouse1,thal,thal,781,6.689799,28.473986249999996,21.78418725,4,4,0,0,1,1,1,2,0,1,1,1,0
Mouse1,thal,thal,782,10.881508499999999,58.747443749999995,47.86593524999999,2,5,3,1,2,1,1,2,0,1,1,1,0
Mouse1,thal,thal,783,2.7733027499999996,32.7292065,29.955903749999997,1,3,2,2,15,13,3,1,1,0,1,1,0
Mouse1,thal,thal,784,16.1317305,76.2552405,60.123509999999996,1,1,0,0,1,1,1,1,0,0,1,1,0
Mouse1,thal,thal,785,17.9947125,88.59749624999999,70.60278375,4,9,5,1,3,2,1,2,0,1,1,1,0
Mouse1,thal,thal,786,6.181712999999999,23.287274999999998,17.105562,1,1,0,0,0,0,0,1,0,1,0,1,0
Mouse1,thal,thal,787,2.81564325,32.6445255,29.828882249999996,1,2,1,1,6,5,2,1,1,0,1,1,0
Mouse1,thal,thal,788,5.525435249999999,44.690397749999995,39.164962499999994,1,1,0,2,3,1,1,1,1,0,1,1,0
Mouse1,thal,thal,789,5.7794782499999995,37.70421525,31.924736999999997,1,1,0,0,0,0,0,1,0,1,0,1,0
Mouse1,thal,thal,790,12.51161775,41.599541249999994,29.0879235,3,4,1,2,6,4,2,2,1,0,1,1,0
Mouse1,thal,thal,791,6.32990475,47.336679,41.00677425,1,2,1,0,0,0,0,1,0,1,0,1,0
Mouse1,thal,thal,792,31.818885749999996,97.552512,65.73362625,9,16,7,13,19,6,5,5,1,0,1,1,0
Mouse1,thal,thal,793,14.988536999999999,68.65512075,53.666583749999994,2,7,5,3,9,6,2,2,1,0,1,1,0
Mouse1,thal,thal,794,9.124377749999999,59.678934749999996,50.554556999999996,5,17,12,1,5,4,2,5,0,1,1,1,0
Mouse1,thal,thal,795,3.91649625,39.778899749999994,35.8624035,2,4,2,0,3,3,1,2,0,1,1,1,0
Mouse1,thal,thal,796,8.256397499999999,40.202304749999996,31.945907249999998,3,10,7,0,5,5,2,3,0,1,1,1,0
Mouse1,thal,thal,797,19.730673,53.603072999999995,33.8724,7,14,7,0,0,0,0,3,0,1,0,1,0
Mouse1,thal,thal,798,11.66480775,35.989425,24.32461725,3,6,3,0,0,0,0,2,0,1,0,1,0
Mouse1,thal,thal,799,6.520436999999999,47.82359475,41.30315775,2,7,5,1,5,4,2,2,0,1,1,1,0
Mouse1,thal,thal,800,3.6412829999999996,39.207302999999996,35.566019999999995,2,7,5,0,9,9,2,2,1,0,1,1,0
Mouse1,thal,thal,801,11.770658999999998,57.66776099999999,45.897102,4,7,3,1,1,0,1,2,0,1,1,1,0
Mouse1,thal,thal,802,12.765660749999999,48.077637749999994,35.311977,6,11,5,0,1,1,1,3,0,1,1,1,0
